date,P_local_mm,P_IMERG_mm,Caudal_m3s,Q_lamina_mm,Temp_C,Temp_ERA5L_C
1980-01-01,7.760601,,278.580645,154.193667,10.591801,
1980-02-01,27.545732,,166.896552,86.417016,9.235187,
1980-03-01,0.022799,,120.838710,66.883913,11.825519,
1980-04-01,294.995622,,123.683333,66.250069,3.178637,
1980-05-01,285.892815,,117.196774,64.868111,1.922408,
1980-06-01,161.145574,,98.696667,52.866145,-0.174258,
1980-07-01,172.140171,,96.229032,53.262520,-2.255290,
1980-08-01,18.731631,,87.032258,48.172130,-0.391688,
1980-09-01,85.165242,,91.610000,49.070224,1.670799,
1980-10-01,16.518711,,117.274194,64.910963,2.729457,
1980-11-01,18.859223,,176.733333,94.665913,5.255693,
1980-12-01,15.327304,,350.967742,194.259738,8.676055,
1981-01-01,5.668139,,251.115385,138.991716,8.937085,
1981-02-01,14.962689,,206.607143,103.289759,11.368616,
1981-03-01,3.647774,,132.387097,73.275916,9.545433,
1981-04-01,31.837862,,76.530000,40.992733,6.709837,
1981-05-01,334.613702,,74.222581,41.082006,2.060582,
1981-06-01,41.535637,,66.153333,35.434547,-0.921905,
1981-07-01,69.369524,,55.325806,30.622691,-1.409203,
1981-08-01,127.021183,,52.416129,29.012192,-0.133564,
1981-09-01,62.043374,,54.424138,29.151890,0.638600,
1981-10-01,9.504110,,78.470968,43.433478,2.305102,
1981-11-01,10.648066,,132.060000,70.736969,6.335891,
1981-12-01,3.409221,,143.166667,79.242380,9.255281,
1982-01-01,0.904624,,139.580645,77.257526,10.989844,
1982-02-01,1.415769,,111.325000,55.655058,9.804743,
1982-03-01,29.013423,,73.877419,40.890961,8.549830,
1982-04-01,13.563153,,59.080000,31.645768,7.891684,
1982-05-01,246.792325,,49.887097,27.612379,3.071079,
1982-06-01,705.037357,,104.060000,55.738975,-1.000833,
1982-07-01,356.704819,,142.690323,78.978725,-1.369303,
1982-08-01,238.745251,,99.990323,55.344385,1.069916,
1982-09-01,307.015471,,144.133333,77.203962,2.261891,
1982-10-01,97.534817,,155.464286,86.049080,2.201901,
1982-11-01,12.675573,,256.700000,137.499470,4.530899,
1982-12-01,12.429718,,539.451613,298.585073,9.743550,
1983-01-01,25.281325,,592.838710,328.134693,9.911090,
1983-02-01,14.948717,,455.142857,227.541001,9.340217,
1983-03-01,3.093622,,261.096774,144.516389,9.173395,
1983-04-01,45.779291,,160.666667,86.059920,5.622441,
1983-05-01,83.821562,,99.900000,55.294392,0.115884,
1983-06-01,156.652808,,78.893333,42.258635,-3.363477,
1983-07-01,225.838927,,90.651613,50.175433,-2.934421,
1983-08-01,108.169752,,87.893548,48.648852,-1.669258,
1983-09-01,51.002729,,74.183333,39.735758,-1.308019,
1983-10-01,14.483983,,147.303226,81.531955,4.481562,
1983-11-01,0.221762,,247.000000,132.303737,7.691588,
1983-12-01,0.034164,,296.451613,164.085201,10.708453,
1984-01-01,12.550664,,240.451613,133.089346,11.086150,
1984-02-01,0.420493,,185.482759,96.040729,10.614372,
1984-03-01,36.513650,,107.119355,59.290286,9.173095,
1984-04-01,43.414818,,67.743333,36.286219,5.525175,
1984-05-01,205.165374,,57.022581,31.561851,-0.229751,
1984-06-01,157.236038,,44.320000,23.739683,-3.132216,
1984-07-01,508.246843,,63.422581,35.104234,-1.196765,
1984-08-01,75.085758,,60.222581,33.333043,-2.470637,
1984-09-01,150.742977,,71.820000,38.469856,0.511750,
1984-10-01,61.825296,,145.577419,80.576725,3.751175,
1984-11-01,35.868489,,190.300000,101.932798,5.561848,
1984-12-01,0.168593,,313.290323,173.405383,8.187149,
1985-01-01,17.861657,,289.741935,160.371412,9.893548,
1985-02-01,0.754847,,180.958333,90.467069,10.816236,
1985-03-01,15.232082,,146.096774,80.864187,9.161446,
1985-04-01,21.530864,,87.393333,46.811597,5.743963,
1985-05-01,74.984826,,76.877419,42.551453,3.732200,
1985-06-01,58.464989,,65.766667,35.227432,2.170145,
1985-07-01,127.266082,,52.016129,28.790793,-2.025017,
1985-08-01,10.045127,,46.045161,25.485878,-1.399414,
1985-09-01,101.042349,,59.853333,32.059999,1.407970,
1985-10-01,108.956613,,81.283871,44.990412,2.615928,
1985-11-01,19.840815,,147.526667,79.021576,6.881044,
1985-12-01,1.883651,,173.806452,96.201421,9.784092,
1986-01-01,2.546766,,216.870968,120.037520,11.332751,
1986-02-01,16.073239,,183.535714,91.755587,10.486299,
1986-03-01,1.080188,,141.225806,78.168119,9.437883,
1986-04-01,71.999769,,111.400000,59.670592,5.356859,
1986-05-01,316.425457,,97.235484,53.819589,1.880225,
1986-06-01,466.236335,,,,-0.220294,
1986-07-01,12.939493,,88.635714,49.059639,1.732463,
1986-08-01,181.118999,,66.729032,36.934347,-0.452388,
1986-09-01,31.692259,,83.666667,44.815436,0.924837,
1986-10-01,49.908096,,122.677419,67.901634,4.022649,
1986-11-01,23.621853,,159.866667,85.631406,5.710509,
1986-12-01,2.837376,,309.516129,171.316377,10.238355,
1987-01-01,1.352142,,351.451613,194.527559,11.168264,
1987-02-01,13.653453,,271.555556,135.759624,11.868351,
1987-03-01,22.863355,,162.518519,89.953580,10.016361,
1987-04-01,25.920139,,96.328000,51.597386,6.954749,
1987-05-01,96.098533,,68.951613,38.164539,-0.107611,
1987-06-01,90.551474,,69.140000,37.034333,1.354547,
1987-07-01,609.431046,,127.421429,70.527431,-2.593006,
1987-08-01,408.425325,,130.338710,72.142139,-1.485623,
1987-09-01,78.262165,,122.363333,65.543021,0.193297,
1987-10-01,70.954332,,155.419355,86.024211,2.909996,
1987-11-01,0.906769,,,,7.477121,
1987-12-01,15.740996,,,,8.577309,
1988-01-01,0.897739,,,,9.605554,
1988-02-01,2.899949,,,,10.718201,
1988-03-01,6.039597,,,,10.428690,
1988-04-01,14.834299,,,,6.628994,
1988-05-01,19.580699,,,,2.352016,
1988-06-01,29.952012,,59.556667,31.901091,-0.702366,
1988-07-01,121.159927,,48.054839,26.598229,-2.289494,
1988-08-01,171.047369,,52.748387,29.196096,-2.482644,
1988-09-01,22.281219,,56.460000,30.242385,-0.863716,
1988-10-01,12.763450,,91.848387,50.837845,2.766004,
1988-11-01,18.750979,,138.910000,74.406122,7.499377,
1988-12-01,6.845777,,136.406452,75.500618,9.772493,
1989-01-01,14.606241,,145.064516,80.292835,11.776354,
1989-02-01,0.090988,,148.285714,74.132944,12.167564,
1989-03-01,0.322169,,98.341935,54.432007,9.395479,
1989-04-01,28.283515,,67.833333,36.334427,7.996011,
1989-05-01,42.612465,,52.838710,29.246089,2.903386,
1989-06-01,66.774474,,40.446667,21.664960,0.971177,
1989-07-01,161.126935,,36.003226,19.927692,-1.294561,
1989-08-01,304.432634,,68.670968,38.009203,-1.193639,
1989-09-01,94.947852,,82.353333,44.111958,0.087233,
1989-10-01,13.515608,,122.329032,67.708803,4.662249,
1989-11-01,3.594324,,224.533333,120.269632,7.693530,
1989-12-01,11.255102,,225.322581,124.715466,9.581506,
1990-01-01,12.843516,,170.354839,94.290963,11.290223,
1990-02-01,5.916846,,122.578571,61.281091,10.589238,
1990-03-01,55.328313,,85.867742,47.527573,8.509592,
1990-04-01,26.500535,,62.726667,33.599078,3.495084,
1990-05-01,47.872060,,58.803226,32.547433,1.764490,
1990-06-01,50.938034,,50.530000,27.066024,1.844164,
1990-07-01,48.557180,,49.683871,27.499894,-2.085313,
1990-08-01,112.964246,,52.290323,28.942558,1.109399,
1990-09-01,121.945104,,56.756667,30.401292,0.939667,
1990-10-01,27.381286,,78.477419,43.437049,3.572706,
1990-11-01,14.650103,,,,7.416922,
1990-12-01,35.785315,,135.367742,74.925695,10.596648,
1991-01-01,9.741397,,129.390323,71.617209,10.678119,
1991-02-01,3.080354,,109.746429,54.865878,11.190941,
1991-03-01,0.330454,,78.435484,43.413837,10.719910,
1991-04-01,97.828841,,63.056667,33.775841,5.548646,
1991-05-01,312.313886,,116.586207,64.530164,3.000982,
1991-06-01,154.336314,,78.961538,42.295168,-0.397377,
1991-07-01,282.370809,,102.658065,56.820973,-2.225260,
1991-08-01,7.990807,,77.848387,43.088881,-0.816094,
1991-09-01,156.789896,,101.770000,54.512353,2.731920,
1991-10-01,40.073440,,125.361290,69.387150,2.351892,
1991-11-01,17.422232,,212.933333,114.056177,6.911855,
1991-12-01,71.327855,,216.290323,119.716134,7.961929,
1992-01-01,0.860889,,276.677419,153.140236,12.125009,
1992-02-01,12.872674,,206.724138,107.039258,10.046137,
1992-03-01,4.300371,,158.419355,87.684703,10.307615,
1992-04-01,123.774794,,94.650000,50.698578,4.215465,
1992-05-01,288.529583,,80.083871,44.326215,0.143696,
1992-06-01,251.262395,,79.973333,42.837129,-1.475025,
1992-07-01,54.012094,,71.158065,39.385805,-2.752995,
1992-08-01,88.301322,,68.390323,37.853867,-0.856727,
1992-09-01,71.416022,,80.646667,43.197795,1.836808,
1992-10-01,15.168837,,132.003226,73.063444,3.695708,
1992-11-01,29.604207,,196.200000,105.093090,6.727147,
1992-12-01,1.471187,,233.645161,129.321993,9.416014,
1993-01-01,16.923626,,256.966667,142.230385,11.965386,
1993-02-01,14.003797,,192.480000,96.227132,11.429716,
1993-03-01,0.000000,,117.129032,64.830616,11.125386,
1993-04-01,135.215952,,103.365385,55.366909,5.436078,
1993-05-01,288.156012,,,,-0.152382,
1993-06-01,187.442381,,97.740741,52.354110,0.169912,
1993-07-01,103.456051,,85.116129,47.111557,-2.411790,
1993-08-01,30.984975,,76.400000,42.287202,0.332902,
1993-09-01,37.584093,,78.513333,42.055091,-0.014162,
1993-10-01,33.891353,,111.019355,61.448926,3.818751,
1993-11-01,20.461441,,131.566667,70.472719,5.808661,
1993-12-01,19.207696,,198.612903,109.931728,9.774898,
1994-01-01,0.917133,,219.677419,121.590883,11.773844,
1994-02-01,8.031748,,142.115385,71.048192,9.896331,
1994-03-01,6.556389,,96.071429,53.175287,10.563731,
1994-04-01,93.929340,,69.523333,37.239663,6.113821,
1994-05-01,96.861535,,60.735484,33.616933,3.246392,
1994-06-01,95.667991,,60.156667,32.222477,-0.164609,
1994-07-01,278.303019,,76.354839,42.262206,-2.523725,
1994-08-01,16.319061,,75.809677,41.960460,-0.337189,
1994-09-01,73.551575,,82.013333,43.929840,3.282223,
1994-10-01,28.488897,,98.006452,54.246318,2.758725,
1994-11-01,6.183746,,161.300000,86.399161,7.138554,
1994-12-01,19.365776,,261.129032,144.534244,11.627838,
1995-01-01,15.470953,,184.161290,101.932798,11.343974,
1995-02-01,11.054907,,127.785714,63.884314,9.744005,
1995-03-01,0.379805,,97.838710,54.153473,9.490728,
1995-04-01,84.486355,,75.613333,40.501727,7.002584,
1995-05-01,29.792716,,60.332258,33.393749,4.050309,
1995-06-01,215.916474,,61.196667,32.779545,0.520140,
1995-07-01,155.509602,,55.403226,30.665542,-4.496260,
1995-08-01,86.533321,,57.361290,31.749326,-3.063928,
1995-09-01,45.729092,,77.880000,41.715850,1.476316,
1995-10-01,23.169163,,90.538710,50.112942,2.969659,
1995-11-01,3.842698,,168.200000,90.095095,7.667726,
1995-12-01,17.457748,,198.580645,109.913874,11.668249,
1996-01-01,9.412944,,128.180645,70.947656,9.896918,
1996-02-01,0.357269,,111.631034,57.801199,10.192261,
1996-03-01,0.309962,,96.841935,53.601761,10.012948,
1996-04-01,39.439071,,69.486667,37.220023,4.581356,
1996-05-01,9.521246,,49.961290,27.653445,4.557879,
1996-06-01,46.769918,,42.753333,22.900509,-0.190428,
1996-07-01,16.708852,,41.358065,22.891582,-0.049598,
1996-08-01,100.725590,,38.596774,21.363215,-1.216743,
1996-09-01,4.118632,,38.156667,20.438338,1.564137,
1996-10-01,18.029987,,47.041935,26.037590,3.478732,
1996-11-01,2.523526,,51.920000,27.810567,8.185199,
1996-12-01,19.902348,,58.735484,32.509938,9.394642,
1997-01-01,10.070940,,81.806452,45.279659,11.767234,
1997-02-01,7.420196,,75.882143,37.935999,11.209350,
1997-03-01,11.342451,,61.767742,34.188285,10.674980,
1997-04-01,19.121330,,43.583333,23.345093,8.714931,
1997-05-01,162.401547,,33.861290,18.742137,5.069803,
1997-06-01,536.210165,,65.400000,35.031030,-2.467570,
1997-07-01,65.859019,,61.164516,33.854401,-0.440573,
1997-08-01,202.757260,,80.051613,44.308361,-0.203593,
1997-09-01,249.233930,,119.243333,63.871816,0.802626,
1997-10-01,99.785404,,114.454839,63.350457,0.269953,
1997-11-01,25.328209,,208.633333,111.752913,5.040221,
1997-12-01,18.385899,,335.451613,185.671600,9.087523,
1998-01-01,0.028919,,413.806452,229.040801,12.335442,
1998-02-01,37.550597,,207.285714,103.629000,9.820141,
1998-03-01,10.972705,,136.225806,75.400632,9.140042,
1998-04-01,103.676374,,102.716667,55.019428,3.359802,
1998-05-01,48.780064,,72.361290,40.051787,1.920135,
1998-06-01,41.343416,,60.386667,32.345675,-0.434338,
1998-07-01,0.062013,,50.396774,27.894484,-0.284076,
1998-08-01,1.407317,,44.745161,24.766331,-0.379529,
1998-09-01,68.467143,,39.123333,20.956126,-0.183828,
1998-10-01,0.000000,,61.009677,33.768699,5.850147,
1998-11-01,0.832832,,83.730000,44.849360,7.402825,
1998-12-01,15.748064,,105.796774,58.558241,10.653814,
1999-01-01,23.400472,,99.748387,55.210474,10.653712,
1999-02-01,1.488563,,89.489286,44.738660,11.868269,
1999-03-01,17.321056,,61.877419,34.248992,8.982576,
1999-04-01,14.997081,,41.953571,22.472123,6.832584,
1999-05-01,38.922463,,41.674194,23.066558,5.653330,
1999-06-01,115.863716,,38.036667,20.374061,-0.431778,
1999-07-01,36.564502,,37.764516,20.902562,-2.810725,
1999-08-01,156.860615,,40.719355,22.538058,-0.524271,
1999-09-01,195.832812,,60.793333,32.563503,0.519941,
1999-10-01,28.229075,,86.819355,48.054288,3.708733,
1999-11-01,2.458509,,138.483333,74.177581,6.667759,
1999-12-01,9.533494,,144.838710,80.167851,9.503765,
2000-01-01,0.423673,,133.774194,74.043670,11.112010,
2000-02-01,30.811018,,100.182759,51.873421,9.466607,
2000-03-01,0.336233,,71.616129,39.639342,8.804565,
2000-04-01,22.598451,,55.330000,29.637108,7.396061,
2000-05-01,31.647623,,52.148387,28.863997,1.290327,
2000-06-01,612.668264,278.063330,81.893333,43.865563,-2.295781,-9.396669
2000-07-01,67.243011,85.177564,76.858065,42.540740,-1.932495,-8.287655
2000-08-01,35.078384,40.995413,69.041379,38.214225,-0.787043,-6.965177
2000-09-01,190.224236,115.843769,73.346667,39.287604,0.021911,-7.171086
2000-10-01,4.330152,25.596823,135.883871,75.211371,4.179591,-2.371181
2000-11-01,73.572100,40.341231,184.733333,98.951054,5.224747,-1.508919
2000-12-01,1.118180,26.427425,358.580645,198.473460,10.128545,4.990259
2001-01-01,5.799330,15.691156,299.806452,165.942096,11.154279,7.706072
2001-02-01,0.009166,19.507037,230.678571,115.323864,13.388820,11.266645
2001-03-01,25.064224,46.521078,129.351613,71.595783,9.884125,6.342576
2001-04-01,36.090129,48.217197,89.250000,47.806107,5.508526,0.207882
2001-05-01,197.012117,88.741765,73.374194,40.612426,0.533752,-7.334817
2001-06-01,40.114600,81.362896,61.473333,32.927740,-0.545679,-8.569062
2001-07-01,458.804473,297.678502,80.596774,44.610106,-2.000283,-7.938229
2001-08-01,183.553500,132.709353,89.377419,49.470170,-0.333664,-6.832543
2001-09-01,8.683748,58.509672,83.480000,44.715449,0.183862,-6.743234
2001-10-01,14.342940,47.139451,134.041935,74.191865,5.183051,-1.230808
2001-11-01,14.467095,13.524420,180.400000,96.629936,6.023332,-0.286306
2001-12-01,5.510126,37.501978,331.032258,183.225499,11.708971,7.132049
2002-01-01,13.111009,26.182363,215.387097,119.216201,10.779942,7.266730
2002-02-01,0.408866,15.680396,149.214286,74.597168,10.995884,8.548259
2002-03-01,11.979220,16.697533,105.764516,58.540386,9.720069,6.599918
2002-04-01,18.637027,82.178029,73.430000,39.332240,4.910704,-0.596696
2002-05-01,288.054342,220.012712,62.813793,34.767272,2.461160,-5.001301
2002-06-01,268.903556,318.054354,81.596667,43.706655,-0.437116,-7.749745
2002-07-01,145.673109,113.032338,65.816129,36.429057,-2.065613,-9.065376
2002-08-01,266.254204,204.420974,103.635484,57.361972,-0.985866,-7.101206
2002-09-01,87.214722,77.546988,108.493103,58.113534,0.710765,-5.928427
2002-10-01,46.498527,47.454282,145.290323,80.417818,3.794285,-2.306554
2002-11-01,12.521226,25.013542,243.233333,130.286149,6.037963,-0.376451
2002-12-01,20.397205,47.962983,348.645161,192.974195,9.232254,3.413060
2003-01-01,38.353361,25.051677,371.645161,205.704636,11.361831,7.376334
2003-02-01,1.980518,7.635786,259.964286,129.964764,10.804567,8.211646
2003-03-01,4.836068,10.743029,181.935484,100.700820,11.129945,8.000078
2003-04-01,0.517955,22.198477,106.644828,57.123519,7.273924,3.374766
2003-05-01,119.449796,79.832082,72.732258,40.257117,4.853542,-1.135881
2003-06-01,165.890320,157.716504,73.460000,39.348310,1.240693,-5.069273
2003-07-01,82.203381,101.323659,71.290323,39.459009,-1.988314,-8.565587
2003-08-01,7.561516,48.995309,58.612903,32.442090,0.098851,-6.144302
2003-09-01,90.730631,29.274591,69.566667,37.262874,1.764967,-4.759838
2003-10-01,11.608104,14.051198,106.212903,58.788567,5.336905,-0.725607
2003-11-01,68.399073,26.461301,150.800000,80.774913,7.416568,1.010113
2003-12-01,11.830286,13.712356,150.645161,83.381707,9.061133,4.014573
2004-01-01,5.241228,13.312116,182.129032,100.807948,12.307426,9.299078
2004-02-01,17.458021,16.912348,129.793103,67.205299,11.043699,8.450765
2004-03-01,32.479078,20.477831,92.716129,51.318138,10.486155,7.292476
2004-04-01,74.569174,53.521577,71.520000,38.309163,4.915365,-1.056492
2004-05-01,19.400529,72.679313,53.100000,29.390713,2.221592,-5.820978
2004-06-01,80.012291,80.690268,52.540000,28.142665,0.320706,-7.159796
2004-07-01,77.622334,112.824567,51.641935,28.583678,-1.062835,-7.396296
2004-08-01,52.793117,75.486431,47.019355,26.025091,-1.203045,-8.347184
2004-09-01,111.425098,48.003089,63.923333,34.240064,2.585006,-4.257989
2004-10-01,52.852914,41.362236,71.890323,39.791108,2.809505,-3.750858
2004-11-01,80.749280,49.932317,104.003333,55.708622,5.549103,-0.961250
2004-12-01,11.989646,23.623476,140.677419,77.864588,9.714439,3.936553
2005-01-01,35.097478,17.454479,136.854839,75.748799,11.127046,7.753528
2005-02-01,1.612404,19.064548,99.464286,49.725493,11.778657,8.858509
2005-03-01,58.029074,32.277755,76.238710,42.197929,8.894764,4.617350
2005-04-01,27.659794,22.822786,54.740000,29.321079,5.396139,-0.077030
2005-05-01,218.908934,133.729575,50.806452,28.121240,0.069453,-7.274615
2005-06-01,443.173292,225.957159,95.223333,51.005679,0.586428,-5.532329
2005-07-01,69.858819,112.226800,86.916129,48.107853,-1.220626,-8.100025
2005-08-01,416.034274,222.048737,115.622581,63.996799,-0.154135,-5.405748
2005-09-01,47.804553,38.783179,116.500000,62.402370,-0.954550,-8.529257
2005-10-01,20.214488,33.675643,150.064516,83.060322,2.959603,-3.548863
2005-11-01,24.902299,15.783593,254.766667,136.463895,7.152861,0.668720
2005-12-01,6.405583,23.326068,393.677419,217.899434,10.329089,5.371103
2006-01-01,16.759237,25.843717,457.580645,253.269704,12.503968,9.051737
2006-02-01,17.714936,12.682134,306.142857,153.050962,11.612554,8.884424
2006-03-01,0.581585,6.962674,166.354839,92.076973,9.464627,6.098619
2006-04-01,26.342177,16.387444,109.303333,58.547528,7.895654,3.095599
2006-05-01,50.199512,55.462393,73.770968,40.832040,5.813279,-0.264146
2006-06-01,166.584149,138.218077,64.723333,34.668578,0.492552,-6.259201
2006-07-01,468.698148,259.767661,113.432258,62.784461,-0.465216,-6.107241
2006-08-01,132.494092,130.301593,79.806452,44.172665,-0.694389,-6.918269
2006-09-01,64.476217,31.270268,85.200000,45.636755,1.354677,-5.504691
2006-10-01,117.751931,51.111949,139.390323,77.152183,3.609510,-3.025822
2006-11-01,5.897481,41.875893,220.000000,117.841385,6.961143,0.633127
2006-12-01,6.325014,30.101491,252.516129,139.767024,10.011037,5.033656
2007-01-01,0.773650,32.451867,180.929032,100.143751,11.662132,8.362661
2007-02-01,30.195408,17.449203,138.374074,69.177786,9.067097,5.590668
2007-03-01,18.540104,45.965775,107.819355,59.677734,9.239757,5.696924
2007-04-01,41.068369,19.364955,70.150000,37.575332,5.771389,-0.165636
2007-05-01,38.200667,64.590739,59.735484,33.063436,1.129531,-7.390160
2007-06-01,197.242536,176.912902,57.923333,31.026208,-1.994242,-10.019330
2007-07-01,197.344101,170.016042,58.264516,32.249259,-3.397012,-9.864589
2007-08-01,38.814730,117.021317,54.025806,29.903144,-4.091862,-11.091865
2007-09-01,0.208125,27.559815,61.244444,32.805137,1.503512,-5.466718
2007-10-01,7.444187,20.827633,,,3.617333,-2.717697
2007-11-01,11.226834,8.442362,121.910000,65.300197,7.152212,1.069799
2007-12-01,18.253613,15.211642,126.758621,70.160569,9.657936,5.120025
2008-01-01,5.044137,17.530603,125.161290,69.276451,12.083268,9.194595
2008-02-01,17.667145,18.011347,97.982759,50.734287,10.436673,7.476067
2008-03-01,14.225418,24.883386,70.303226,38.912654,9.338722,5.825124
2008-04-01,41.308051,24.030942,57.693333,30.903010,6.338067,1.633376
2008-05-01,420.778012,187.255586,94.364516,52.230516,1.905544,-5.892341
2008-06-01,163.235423,168.349736,92.520000,49.557659,-1.114463,-8.870416
2008-07-01,68.454253,135.810073,61.864516,34.241850,-1.154839,-7.569417
2008-08-01,247.622554,141.893231,80.045161,44.304790,-2.910065,-9.482006
2008-09-01,13.799698,48.113100,80.793333,43.276356,0.672814,-6.306506
2008-10-01,12.271545,12.245470,116.477419,64.469950,3.164987,-3.477895
2008-11-01,0.054347,18.054186,250.466667,134.160631,8.412276,2.376122
2008-12-01,3.144497,25.206181,284.967742,157.728908,10.683866,6.623981
2009-01-01,13.197669,17.613090,197.806452,109.485359,11.651039,8.494024
2009-02-01,17.380113,8.578733,145.071429,72.526016,10.666135,7.820208
2009-03-01,7.008041,7.902696,107.909677,59.727727,10.976093,7.869518
2009-04-01,0.060940,11.155203,79.903333,42.799634,10.449287,7.026790
2009-05-01,67.380101,52.583723,60.538710,33.508019,4.864238,-1.270176
2009-06-01,174.960066,119.914331,57.000000,30.531632,-0.023530,-7.654576
2009-07-01,32.972472,108.683371,54.426667,30.125019,-2.987613,-9.939601
2009-08-01,191.400086,159.491195,63.812903,35.320277,-0.862206,-6.856866
2009-09-01,211.906221,80.025099,84.763333,45.402857,-1.139853,-8.032185
2009-10-01,30.901318,21.600534,83.803226,46.384869,3.370090,-3.134203
2009-11-01,25.661495,39.154415,121.876667,65.282342,5.310579,-0.904523
2009-12-01,0.878818,34.694693,200.903226,111.199416,9.429867,4.155032
2010-01-01,3.428845,10.640073,196.612903,108.824733,12.115462,8.899587
2010-02-01,1.304209,6.244895,149.214286,74.597168,10.992374,8.587157
2010-03-01,0.000000,9.873885,118.032258,65.330550,11.197327,8.582260
2010-04-01,5.017437,12.924977,81.570000,43.692372,6.874276,2.670951
2010-05-01,53.366067,77.231710,62.706452,34.707859,2.912662,-4.609442
2010-06-01,150.213762,127.262507,59.830000,32.047500,-1.270840,-9.095847
2010-07-01,48.938707,104.841917,50.712903,28.069461,-5.134683,-11.886581
2010-08-01,21.517252,69.944858,51.387097,28.442625,-1.546865,-7.655523
2010-09-01,5.190130,29.484585,55.196667,29.565689,-0.163764,-6.859438
2010-10-01,22.857222,14.487911,76.029032,42.081873,3.759047,-2.606911
2010-11-01,49.096535,26.320057,100.020000,53.574979,6.114732,-0.449803
2010-12-01,25.847366,27.192680,99.461290,55.051567,8.341591,2.309882
2011-01-01,17.295119,13.387012,92.900000,51.419910,10.937551,6.751005
2011-02-01,22.039988,30.930857,83.846429,41.917609,10.966895,7.861922
2011-03-01,12.278215,11.431136,65.951613,36.504047,9.091382,5.388553
2011-04-01,35.872183,25.157752,51.400000,27.532033,5.859897,0.399168
2011-05-01,8.201720,22.401781,42.438710,23.489716,5.229328,-2.141369
2011-06-01,102.527481,90.371957,33.970000,18.195781,-1.440939,-9.219490
2011-07-01,66.028304,96.677615,33.432258,18.504668,-3.799248,-11.598019
2011-08-01,146.490058,119.047473,32.945161,18.235062,-3.250259,-9.489633
2011-09-01,19.949932,16.051928,45.400000,24.318177,1.976979,-4.930710
2011-10-01,14.703597,14.591209,65.896774,36.473694,3.493884,-2.479272
2011-11-01,15.191341,27.087186,87.090000,46.649119,7.422391,1.132144
2011-12-01,1.493156,13.892277,97.235484,53.819589,11.178317,6.281170
2012-01-01,24.932991,20.512377,81.729032,45.236808,12.046567,8.713119
2012-02-01,4.943551,8.709225,80.810345,41.842619,11.055999,8.541416
2012-03-01,1.942093,4.239228,73.612903,40.744552,11.791560,9.015497
2012-04-01,32.353680,28.847600,55.180000,29.556762,6.430085,1.586575
2012-05-01,138.561105,94.349184,53.635484,29.687102,4.498580,-2.685835
2012-06-01,225.073719,199.476882,45.916667,24.594925,0.312442,-6.725320
2012-07-01,28.214783,90.449602,42.735484,23.653980,-1.050653,-7.497407
2012-08-01,48.255573,77.086910,34.938710,19.338485,-1.291516,-7.677521
2012-09-01,4.450084,42.474986,48.010000,25.716204,2.755999,-3.694463
2012-10-01,65.320374,46.137977,53.541935,29.635323,2.105192,-4.591926
2012-11-01,12.067039,11.366008,129.836667,69.546057,6.723442,0.591586
2012-12-01,75.273945,61.854816,134.851613,74.640019,8.066440,1.646556
2013-01-01,14.376159,19.324459,145.096774,80.310689,12.236944,7.695856
2013-02-01,21.496028,10.054048,101.032143,50.509317,10.957982,7.802713
2013-03-01,0.614403,12.369307,69.645161,38.548417,8.733378,5.555736
2013-04-01,9.658616,12.345695,52.026667,27.867702,7.523584,2.837639
2013-05-01,168.502135,117.457137,44.619355,24.696698,1.947904,-5.572310
2013-06-01,80.731889,62.110957,50.493333,27.046383,0.110134,-7.538695
2013-07-01,29.030308,79.292055,46.838710,25.925105,-0.791913,-7.070031
2013-08-01,99.899122,105.523598,50.232258,27.803425,-0.788783,-7.121701
2013-09-01,78.756825,35.923585,56.950000,30.504849,-0.387491,-6.883889
2013-10-01,11.864839,13.447710,79.577419,44.045896,3.760280,-2.767449
2013-11-01,9.329608,22.028643,111.813333,59.891991,6.559520,0.412847
2013-12-01,5.252714,21.132368,137.322581,76.007693,11.408603,6.133759
2014-01-01,20.133510,8.276079,124.729032,69.037197,12.427229,9.336345
2014-02-01,38.124470,48.006593,89.378571,44.683311,9.699713,6.710341
2014-03-01,5.929824,7.303873,71.509677,39.580422,8.251114,4.762395
2014-04-01,25.641550,24.141431,59.389286,31.811435,6.758115,1.643346
2014-05-01,100.385812,59.784122,50.051613,27.703438,1.564834,-6.311010
2014-06-01,114.959161,147.580845,48.900000,26.192926,-1.101198,-8.737350
2014-07-01,94.384094,86.403897,44.719355,24.752047,-1.678400,-8.455091
2014-08-01,51.526396,109.488206,45.661290,25.273406,0.289729,-6.495759
2014-09-01,114.531264,75.144383,46.766667,25.050222,-0.084964,-6.483732
2014-10-01,16.395459,33.442176,89.945161,49.784414,5.413223,-0.690606
2014-11-01,20.570965,16.488027,112.143333,60.068753,6.521514,0.207159
2014-12-01,15.580879,13.240567,96.167742,53.228596,8.587758,2.593592
2015-01-01,1.082505,6.460221,94.987097,52.575112,12.605879,9.288562
2015-02-01,7.820984,25.294132,77.271429,38.630549,11.197471,8.753599
2015-03-01,10.339023,29.050417,,,11.443706,8.577541
2015-04-01,1.063817,9.234883,,,8.839312,4.871326
2015-05-01,6.668355,25.743659,,,4.876218,-1.659947
2015-06-01,9.574825,37.001062,,,2.211106,-4.561018
2015-07-01,195.649925,138.113998,,,-2.018330,-7.939003
2015-08-01,240.485745,255.112151,,,-1.034627,-6.502809
2015-09-01,106.384806,80.912542,,,0.026835,-6.171809
2015-10-01,127.049449,115.330559,,,1.101354,-5.263221
2015-11-01,23.314963,29.160103,,,4.321232,-1.708034
2015-12-01,2.111066,17.207931,,,8.553599,2.109075
2016-01-01,12.537874,47.959580,169.225806,93.666046,11.021394,5.121228
2016-02-01,0.438773,15.275524,129.517241,67.062461,11.921819,9.069682
2016-03-01,0.182688,16.168267,99.719355,55.194405,10.922329,8.063807
2016-04-01,372.242191,197.996544,114.130000,61.132897,4.324961,-1.030917
2016-05-01,108.699412,101.271118,75.300000,41.678355,1.569489,-6.270678
2016-06-01,103.483391,64.709962,76.150000,40.789188,-0.512282,-8.531514
2016-07-01,166.646598,127.637466,65.316129,36.152309,-1.992175,-8.260406
2016-08-01,51.729532,33.058528,67.183871,37.186099,0.731431,-5.657938
2016-09-01,2.937864,12.760315,76.423333,40.935597,3.782766,-2.732068
2016-10-01,64.712366,46.445690,88.361290,48.907746,3.525141,-2.575161
2016-11-01,8.482571,25.735465,137.233333,73.508028,6.892177,0.653498
2016-12-01,30.618299,29.915872,170.677419,94.469510,9.241152,2.619160
2017-01-01,1.764504,6.250466,186.000000,102.950519,13.124305,8.739565
2017-02-01,31.944873,34.422867,148.857143,74.418620,11.096342,7.622336
2017-03-01,7.054711,17.321354,86.870968,48.082856,9.513122,5.810546
2017-04-01,63.149704,71.768923,70.420000,37.719956,5.254117,-0.568655
2017-05-01,102.639826,112.896363,60.927586,33.723261,0.855758,-7.318640
2017-06-01,101.132256,129.470410,59.866667,32.067140,-0.374135,-7.954562
2017-07-01,60.170333,90.965265,55.461290,30.697681,-0.644169,-7.343530
2017-08-01,84.865059,94.474526,51.287097,28.387275,-1.506616,-8.059015
2017-09-01,56.558566,38.423381,57.913333,31.020852,2.009490,-4.611313
2017-10-01,57.113871,49.440263,82.338710,45.574263,2.269856,-4.298247
2017-11-01,18.984322,19.133588,111.973333,59.977694,6.104147,-0.281934
2017-12-01,3.427101,12.635483,138.967742,76.918286,10.223665,4.339822
2018-01-01,17.961765,14.757780,109.425806,60.566901,11.379389,7.355960
2018-02-01,5.779832,13.849626,104.617857,52.301935,11.931759,9.439382
2018-03-01,2.046523,5.993760,60.416129,33.440171,9.841208,6.762795
2018-04-01,28.677434,16.065288,52.566667,28.156949,8.728011,4.009201
2018-05-01,47.833846,70.075206,35.216129,19.492036,4.544245,-1.844643
2018-06-01,68.308731,98.641927,36.256667,19.420617,-1.151987,-8.805946
2018-07-01,96.097489,115.062683,34.345161,19.009958,-2.024200,-8.763642
2018-08-01,35.816547,31.773887,37.319355,20.656166,0.260370,-6.273675
2018-09-01,141.523692,64.027850,47.073333,25.214485,2.897381,-3.505254
2018-10-01,81.404420,38.256200,54.509677,30.170965,2.696549,-3.962366
2018-11-01,20.561164,19.261482,88.243333,47.266894,6.368177,0.130968
2018-12-01,25.472913,13.243402,109.038710,60.352644,9.027335,2.768977
2019-01-01,5.667022,11.232795,106.329032,58.852844,12.144326,8.343341
2019-02-01,7.264291,11.514585,94.017857,47.002643,12.164561,9.823250
2019-03-01,1.823017,12.390103,67.154839,37.170030,9.907935,7.094643
2019-04-01,3.683835,13.804561,56.530000,30.279879,8.734568,4.888334
2019-05-01,66.343725,45.681792,38.490774,21.304544,4.359664,-1.964193
2019-06-01,92.811898,102.849336,28.798467,15.425687,-1.078413,-8.089619
2019-07-01,20.420281,73.436113,24.811226,13.732949,-0.814518,-7.119586
2019-08-01,13.302321,48.682444,31.219355,17.279832,0.338697,-5.827840
2019-09-01,22.840775,33.094927,47.707300,25.554065,1.155728,-5.666242
2019-10-01,15.328923,18.577411,44.006613,24.357546,3.463735,-2.353524
2019-11-01,3.353470,12.485291,65.043933,34.840305,8.738647,2.818177
2019-12-01,5.622992,2.846906,64.845452,35.891790,11.052115,7.543140
2020-01-01,15.580000,10.500409,85.460516,47.302175,13.272622,10.793882
2020-02-01,0.095675,9.996716,63.965966,33.120803,11.950953,10.126567
2020-03-01,0.000000,2.827578,54.002516,29.890253,11.959660,9.681526
2020-04-01,28.430374,,28.967793,15.516386,8.158196,
