date,P_local_mm,Caudal_m3s,Q_lamina_mm,Temp_C,dias_mes,dias_validos_P,dias_validos_Q,dias_validos_T
1980-01-01,7.760601,278.580645,154.193667,10.591801,31,31,31,31
1980-02-01,27.545732,166.896552,86.417016,9.235187,29,29,29,29
1980-03-01,0.022799,120.838710,66.883913,11.825519,31,31,31,31
1980-04-01,294.995622,123.683333,66.250069,3.178637,30,30,30,30
1980-05-01,285.892815,117.196774,64.868111,1.922408,31,31,31,31
1980-06-01,161.145574,98.696667,52.866145,-0.174258,30,30,30,30
1980-07-01,172.140171,96.229032,53.262520,-2.255290,31,31,31,31
1980-08-01,18.731631,87.032258,48.172130,-0.391688,31,31,31,31
1980-09-01,85.165242,91.610000,49.070224,1.670799,30,30,30,30
1980-10-01,16.518711,117.274194,64.910963,2.729457,31,31,31,31
1980-11-01,18.859223,176.733333,94.665913,5.255693,30,30,30,30
1980-12-01,15.327304,350.967742,194.259738,8.676055,31,31,31,31
1981-01-01,5.668139,251.115385,138.991716,8.937085,31,31,26,31
1981-02-01,14.962689,206.607143,103.289759,11.368616,28,28,28,28
1981-03-01,3.647774,132.387097,73.275916,9.545433,31,31,31,31
1981-04-01,31.837862,76.530000,40.992733,6.709837,30,30,30,30
1981-05-01,334.613702,74.222581,41.082006,2.060582,31,31,31,31
1981-06-01,41.535637,66.153333,35.434547,-0.921905,30,30,30,30
1981-07-01,69.369524,55.325806,30.622691,-1.409203,31,31,31,31
1981-08-01,127.021183,52.416129,29.012192,-0.133564,31,31,31,31
1981-09-01,62.043374,54.424138,29.151890,0.638600,30,30,29,30
1981-10-01,9.504110,78.470968,43.433478,2.305102,31,31,31,31
1981-11-01,10.648066,132.060000,70.736969,6.335891,30,30,30,30
1981-12-01,3.409221,143.166667,79.242380,9.255281,31,31,30,31
1982-01-01,0.904624,139.580645,77.257526,10.989844,31,31,31,31
1982-02-01,1.415769,111.325000,55.655058,9.804743,28,28,28,28
1982-03-01,29.013423,73.877419,40.890961,8.549830,31,31,31,31
1982-04-01,13.563153,59.080000,31.645768,7.891684,30,30,30,30
1982-05-01,246.792325,49.887097,27.612379,3.071079,31,31,31,31
1982-06-01,705.037357,104.060000,55.738975,-1.000833,30,30,30,30
1982-07-01,356.704819,142.690323,78.978725,-1.369303,31,31,31,31
1982-08-01,238.745251,99.990323,55.344385,1.069916,31,31,31,31
1982-09-01,307.015471,144.133333,77.203962,2.261891,30,30,30,30
1982-10-01,97.534817,155.464286,86.049080,2.201901,31,31,28,31
1982-11-01,12.675573,256.700000,137.499470,4.530899,30,30,30,30
1982-12-01,12.429718,539.451613,298.585073,9.743550,31,31,31,31
1983-01-01,25.281325,592.838710,328.134693,9.911090,31,31,31,31
1983-02-01,14.948717,455.142857,227.541001,9.340217,28,28,28,28
1983-03-01,3.093622,261.096774,144.516389,9.173395,31,31,31,31
1983-04-01,45.779291,160.666667,86.059920,5.622441,30,30,30,30
1983-05-01,83.821562,99.900000,55.294392,0.115884,31,31,31,31
1983-06-01,156.652808,78.893333,42.258635,-3.363477,30,30,30,30
1983-07-01,225.838927,90.651613,50.175433,-2.934421,31,31,31,31
1983-08-01,108.169752,87.893548,48.648852,-1.669258,31,31,31,31
1983-09-01,51.002729,74.183333,39.735758,-1.308019,30,30,30,30
1983-10-01,14.483983,147.303226,81.531955,4.481562,31,31,31,31
1983-11-01,0.221762,247.000000,132.303737,7.691588,30,30,30,30
1983-12-01,0.034164,296.451613,164.085201,10.708453,31,31,31,31
1984-01-01,12.550664,240.451613,133.089346,11.086150,31,31,31,31
1984-02-01,0.420493,185.482759,96.040729,10.614372,29,29,29,29
1984-03-01,36.513650,107.119355,59.290286,9.173095,31,31,31,31
1984-04-01,43.414818,67.743333,36.286219,5.525175,30,30,30,30
1984-05-01,205.165374,57.022581,31.561851,-0.229751,31,31,31,31
1984-06-01,157.236038,44.320000,23.739683,-3.132216,30,30,30,30
1984-07-01,508.246843,63.422581,35.104234,-1.196765,31,31,31,31
1984-08-01,75.085758,60.222581,33.333043,-2.470637,31,31,31,31
1984-09-01,150.742977,71.820000,38.469856,0.511750,30,30,30,30
1984-10-01,61.825296,145.577419,80.576725,3.751175,31,31,31,31
1984-11-01,35.868489,190.300000,101.932798,5.561848,30,30,30,30
1984-12-01,0.168593,313.290323,173.405383,8.187149,31,31,31,31
1985-01-01,17.861657,289.741935,160.371412,9.893548,31,31,31,31
1985-02-01,0.754847,180.958333,90.467069,10.816236,28,28,24,28
1985-03-01,15.232082,146.096774,80.864187,9.161446,31,31,31,31
1985-04-01,21.530864,87.393333,46.811597,5.743963,30,30,30,30
1985-05-01,74.984826,76.877419,42.551453,3.732200,31,31,31,31
1985-06-01,58.464989,65.766667,35.227432,2.170145,30,30,30,30
1985-07-01,127.266082,52.016129,28.790793,-2.025017,31,31,31,31
1985-08-01,10.045127,46.045161,25.485878,-1.399414,31,31,31,31
1985-09-01,101.042349,59.853333,32.059999,1.407970,30,30,30,30
1985-10-01,108.956613,81.283871,44.990412,2.615928,31,31,31,31
1985-11-01,19.840815,147.526667,79.021576,6.881044,30,30,30,30
1985-12-01,1.883651,173.806452,96.201421,9.784092,31,31,31,31
1986-01-01,2.546766,216.870968,120.037520,11.332751,31,31,31,31
1986-02-01,16.073239,183.535714,91.755587,10.486299,28,28,28,28
1986-03-01,1.080188,141.225806,78.168119,9.437883,31,31,31,31
1986-04-01,71.999769,111.400000,59.670592,5.356859,30,30,30,30
1986-05-01,316.425457,97.235484,53.819589,1.880225,31,31,31,31
1986-06-01,466.236335,,,-0.220294,30,30,3,30
1986-07-01,12.939493,88.635714,49.059639,1.732463,31,31,28,31
1986-08-01,181.118999,66.729032,36.934347,-0.452388,31,31,31,31
1986-09-01,31.692259,83.666667,44.815436,0.924837,30,30,30,30
1986-10-01,49.908096,122.677419,67.901634,4.022649,31,31,31,31
1986-11-01,23.621853,159.866667,85.631406,5.710509,30,30,30,30
1986-12-01,2.837376,309.516129,171.316377,10.238355,31,31,31,31
1987-01-01,1.352142,351.451613,194.527559,11.168264,31,31,31,31
1987-02-01,13.653453,271.555556,135.759624,11.868351,28,28,27,28
1987-03-01,22.863355,162.518519,89.953580,10.016361,31,31,27,31
1987-04-01,25.920139,96.328000,51.597386,6.954749,30,30,25,30
1987-05-01,96.098533,68.951613,38.164539,-0.107611,31,31,31,31
1987-06-01,90.551474,69.140000,37.034333,1.354547,30,30,30,30
1987-07-01,609.431046,127.421429,70.527431,-2.593006,31,31,28,31
1987-08-01,408.425325,130.338710,72.142139,-1.485623,31,31,31,31
1987-09-01,78.262165,122.363333,65.543021,0.193297,30,30,30,30
1987-10-01,70.954332,155.419355,86.024211,2.909996,31,31,31,31
1987-11-01,0.906769,,,7.477121,30,30,3,30
1987-12-01,15.740996,,,8.577309,31,31,0,31
1988-01-01,0.897739,,,9.605554,31,31,0,31
1988-02-01,2.899949,,,10.718201,29,29,0,29
1988-03-01,6.039597,,,10.428690,31,31,0,31
1988-04-01,14.834299,,,6.628994,30,30,0,30
1988-05-01,19.580699,,,2.352016,31,31,5,31
1988-06-01,29.952012,59.556667,31.901091,-0.702366,30,30,30,30
1988-07-01,121.159927,48.054839,26.598229,-2.289494,31,31,31,31
1988-08-01,171.047369,52.748387,29.196096,-2.482644,31,31,31,31
1988-09-01,22.281219,56.460000,30.242385,-0.863716,30,30,30,30
1988-10-01,12.763450,91.848387,50.837845,2.766004,31,31,31,31
1988-11-01,18.750979,138.910000,74.406122,7.499377,30,30,30,30
1988-12-01,6.845777,136.406452,75.500618,9.772493,31,31,31,31
1989-01-01,14.606241,145.064516,80.292835,11.776354,31,31,31,31
1989-02-01,0.090988,148.285714,74.132944,12.167564,28,28,28,28
1989-03-01,0.322169,98.341935,54.432007,9.395479,31,31,31,31
1989-04-01,28.283515,67.833333,36.334427,7.996011,30,30,30,30
1989-05-01,42.612465,52.838710,29.246089,2.903386,31,31,31,31
1989-06-01,66.774474,40.446667,21.664960,0.971177,30,30,30,30
1989-07-01,161.126935,36.003226,19.927692,-1.294561,31,31,31,31
1989-08-01,304.432634,68.670968,38.009203,-1.193639,31,31,31,31
1989-09-01,94.947852,82.353333,44.111958,0.087233,30,30,30,30
1989-10-01,13.515608,122.329032,67.708803,4.662249,31,31,31,31
1989-11-01,3.594324,224.533333,120.269632,7.693530,30,30,30,30
1989-12-01,11.255102,225.322581,124.715466,9.581506,31,31,31,31
1990-01-01,12.843516,170.354839,94.290963,11.290223,31,31,31,31
1990-02-01,5.916846,122.578571,61.281091,10.589238,28,28,28,28
1990-03-01,55.328313,85.867742,47.527573,8.509592,31,31,31,31
1990-04-01,26.500535,62.726667,33.599078,3.495084,30,30,30,30
1990-05-01,47.872060,58.803226,32.547433,1.764490,31,31,31,31
1990-06-01,50.938034,50.530000,27.066024,1.844164,30,30,30,30
1990-07-01,48.557180,49.683871,27.499894,-2.085313,31,31,31,31
1990-08-01,112.964246,52.290323,28.942558,1.109399,31,31,31,31
1990-09-01,121.945104,56.756667,30.401292,0.939667,30,30,30,30
1990-10-01,27.381286,78.477419,43.437049,3.572706,31,31,31,31
1990-11-01,14.650103,,,7.416922,30,30,0,30
1990-12-01,35.785315,135.367742,74.925695,10.596648,31,31,31,31
1991-01-01,9.741397,129.390323,71.617209,10.678119,31,31,31,31
1991-02-01,3.080354,109.746429,54.865878,11.190941,28,28,28,28
1991-03-01,0.330454,78.435484,43.413837,10.719910,31,31,31,31
1991-04-01,97.828841,63.056667,33.775841,5.548646,30,30,30,30
1991-05-01,312.313886,116.586207,64.530164,3.000982,31,31,29,31
1991-06-01,154.336314,78.961538,42.295168,-0.397377,30,30,26,30
1991-07-01,282.370809,102.658065,56.820973,-2.225260,31,31,31,31
1991-08-01,7.990807,77.848387,43.088881,-0.816094,31,31,31,31
1991-09-01,156.789896,101.770000,54.512353,2.731920,30,30,30,30
1991-10-01,40.073440,125.361290,69.387150,2.351892,31,31,31,31
1991-11-01,17.422232,212.933333,114.056177,6.911855,30,30,30,30
1991-12-01,71.327855,216.290323,119.716134,7.961929,31,31,31,31
1992-01-01,0.860889,276.677419,153.140236,12.125009,31,31,31,31
1992-02-01,12.872674,206.724138,107.039258,10.046137,29,29,29,29
1992-03-01,4.300371,158.419355,87.684703,10.307615,31,31,31,31
1992-04-01,123.774794,94.650000,50.698578,4.215465,30,30,30,30
1992-05-01,288.529583,80.083871,44.326215,0.143696,31,31,31,31
1992-06-01,251.262395,79.973333,42.837129,-1.475025,30,30,30,30
1992-07-01,54.012094,71.158065,39.385805,-2.752995,31,31,31,31
1992-08-01,88.301322,68.390323,37.853867,-0.856727,31,31,31,31
1992-09-01,71.416022,80.646667,43.197795,1.836808,30,30,30,30
1992-10-01,15.168837,132.003226,73.063444,3.695708,31,31,31,31
1992-11-01,29.604207,196.200000,105.093090,6.727147,30,30,30,30
1992-12-01,1.471187,233.645161,129.321993,9.416014,31,31,31,31
1993-01-01,16.923626,256.966667,142.230385,11.965386,31,31,30,31
1993-02-01,14.003797,192.480000,96.227132,11.429716,28,28,25,28
1993-03-01,0.000000,117.129032,64.830616,11.125386,31,31,31,31
1993-04-01,135.215952,103.365385,55.366909,5.436078,30,30,26,30
1993-05-01,288.156012,,,-0.152382,31,31,3,31
1993-06-01,187.442381,97.740741,52.354110,0.169912,30,30,27,30
1993-07-01,103.456051,85.116129,47.111557,-2.411790,31,31,31,31
1993-08-01,30.984975,76.400000,42.287202,0.332902,31,31,31,31
1993-09-01,37.584093,78.513333,42.055091,-0.014162,30,30,30,30
1993-10-01,33.891353,111.019355,61.448926,3.818751,31,31,31,31
1993-11-01,20.461441,131.566667,70.472719,5.808661,30,30,30,30
1993-12-01,19.207696,198.612903,109.931728,9.774898,31,31,31,31
1994-01-01,0.917133,219.677419,121.590883,11.773844,31,31,31,31
1994-02-01,8.031748,142.115385,71.048192,9.896331,28,28,26,28
1994-03-01,6.556389,96.071429,53.175287,10.563731,31,31,28,31
1994-04-01,93.929340,69.523333,37.239663,6.113821,30,30,30,30
1994-05-01,96.861535,60.735484,33.616933,3.246392,31,31,31,31
1994-06-01,95.667991,60.156667,32.222477,-0.164609,30,30,30,30
1994-07-01,278.303019,76.354839,42.262206,-2.523725,31,31,31,31
1994-08-01,16.319061,75.809677,41.960460,-0.337189,31,31,31,31
1994-09-01,73.551575,82.013333,43.929840,3.282223,30,30,30,30
1994-10-01,28.488897,98.006452,54.246318,2.758725,31,31,31,31
1994-11-01,6.183746,161.300000,86.399161,7.138554,30,30,30,30
1994-12-01,19.365776,261.129032,144.534244,11.627838,31,31,31,31
1995-01-01,15.470953,184.161290,101.932798,11.343974,31,31,31,31
1995-02-01,11.054907,127.785714,63.884314,9.744005,28,28,28,28
1995-03-01,0.379805,97.838710,54.153473,9.490728,31,31,31,31
1995-04-01,84.486355,75.613333,40.501727,7.002584,30,30,30,30
1995-05-01,29.792716,60.332258,33.393749,4.050309,31,31,31,31
1995-06-01,215.916474,61.196667,32.779545,0.520140,30,30,30,30
1995-07-01,155.509602,55.403226,30.665542,-4.496260,31,31,31,31
1995-08-01,86.533321,57.361290,31.749326,-3.063928,31,31,31,31
1995-09-01,45.729092,77.880000,41.715850,1.476316,30,30,30,30
1995-10-01,23.169163,90.538710,50.112942,2.969659,31,31,31,31
1995-11-01,3.842698,168.200000,90.095095,7.667726,30,30,30,30
1995-12-01,17.457748,198.580645,109.913874,11.668249,31,31,31,31
1996-01-01,9.412944,128.180645,70.947656,9.896918,31,31,31,31
1996-02-01,0.357269,111.631034,57.801199,10.192261,29,29,29,29
1996-03-01,0.309962,96.841935,53.601761,10.012948,31,31,31,31
1996-04-01,39.439071,69.486667,37.220023,4.581356,30,30,30,30
1996-05-01,9.521246,49.961290,27.653445,4.557879,31,31,31,31
1996-06-01,46.769918,42.753333,22.900509,-0.190428,30,30,30,30
1996-07-01,16.708852,41.358065,22.891582,-0.049598,31,31,31,31
1996-08-01,100.725590,38.596774,21.363215,-1.216743,31,31,31,31
1996-09-01,4.118632,38.156667,20.438338,1.564137,30,30,30,30
1996-10-01,18.029987,47.041935,26.037590,3.478732,31,31,31,31
1996-11-01,2.523526,51.920000,27.810567,8.185199,30,30,30,30
1996-12-01,19.902348,58.735484,32.509938,9.394642,31,31,31,31
1997-01-01,10.070940,81.806452,45.279659,11.767234,31,31,31,31
1997-02-01,7.420196,75.882143,37.935999,11.209350,28,28,28,28
1997-03-01,11.342451,61.767742,34.188285,10.674980,31,31,31,31
1997-04-01,19.121330,43.583333,23.345093,8.714931,30,30,30,30
1997-05-01,162.401547,33.861290,18.742137,5.069803,31,31,31,31
1997-06-01,536.210165,65.400000,35.031030,-2.467570,30,30,24,30
1997-07-01,65.859019,61.164516,33.854401,-0.440573,31,31,31,31
1997-08-01,202.757260,80.051613,44.308361,-0.203593,31,31,31,31
1997-09-01,249.233930,119.243333,63.871816,0.802626,30,30,30,30
1997-10-01,99.785404,114.454839,63.350457,0.269953,31,31,31,31
1997-11-01,25.328209,208.633333,111.752913,5.040221,30,30,30,30
1997-12-01,18.385899,335.451613,185.671600,9.087523,31,31,31,31
1998-01-01,0.028919,413.806452,229.040801,12.335442,31,31,31,31
1998-02-01,37.550597,207.285714,103.629000,9.820141,28,28,28,28
1998-03-01,10.972705,136.225806,75.400632,9.140042,31,31,31,31
1998-04-01,103.676374,102.716667,55.019428,3.359802,30,30,30,30
1998-05-01,48.780064,72.361290,40.051787,1.920135,31,31,31,31
1998-06-01,41.343416,60.386667,32.345675,-0.434338,30,30,30,30
1998-07-01,0.062013,50.396774,27.894484,-0.284076,31,31,31,31
1998-08-01,1.407317,44.745161,24.766331,-0.379529,31,31,31,31
1998-09-01,68.467143,39.123333,20.956126,-0.183828,30,30,30,30
1998-10-01,0.000000,61.009677,33.768699,5.850147,31,31,31,31
1998-11-01,0.832832,83.730000,44.849360,7.402825,30,30,30,30
1998-12-01,15.748064,105.796774,58.558241,10.653814,31,31,31,31
1999-01-01,23.400472,99.748387,55.210474,10.653712,31,31,31,31
1999-02-01,1.488563,89.489286,44.738660,11.868269,28,28,28,28
1999-03-01,17.321056,61.877419,34.248992,8.982576,31,31,31,31
1999-04-01,14.997081,41.953571,22.472123,6.832584,30,30,28,30
1999-05-01,38.922463,41.674194,23.066558,5.653330,31,31,31,31
1999-06-01,115.863716,38.036667,20.374061,-0.431778,30,30,30,30
1999-07-01,36.564502,37.764516,20.902562,-2.810725,31,31,31,31
1999-08-01,156.860615,40.719355,22.538058,-0.524271,31,31,31,31
1999-09-01,195.832812,60.793333,32.563503,0.519941,30,30,30,30
1999-10-01,28.229075,86.819355,48.054288,3.708733,31,31,31,31
1999-11-01,2.458509,138.483333,74.177581,6.667759,30,30,30,30
1999-12-01,9.533494,144.838710,80.167851,9.503765,31,31,31,31
2000-01-01,0.423673,133.774194,74.043670,11.112010,31,31,31,31
2000-02-01,30.811018,100.182759,51.873421,9.466607,29,29,29,29
2000-03-01,0.336233,71.616129,39.639342,8.804565,31,31,31,31
2000-04-01,22.598451,55.330000,29.637108,7.396061,30,30,30,30
2000-05-01,31.647623,52.148387,28.863997,1.290327,31,31,31,31
2000-06-01,612.668264,81.893333,43.865563,-2.295781,30,30,30,30
2000-07-01,67.243011,76.858065,42.540740,-1.932495,31,31,31,31
2000-08-01,35.078384,69.041379,38.214225,-0.787043,31,31,29,31
2000-09-01,190.224236,73.346667,39.287604,0.021911,30,30,30,30
2000-10-01,4.330152,135.883871,75.211371,4.179591,31,31,31,31
2000-11-01,73.572100,184.733333,98.951054,5.224747,30,30,30,30
2000-12-01,1.118180,358.580645,198.473460,10.128545,31,31,31,31
2001-01-01,5.799330,299.806452,165.942096,11.154279,31,31,31,31
2001-02-01,0.009166,230.678571,115.323864,13.388820,28,28,28,28
2001-03-01,25.064224,129.351613,71.595783,9.884125,31,31,31,31
2001-04-01,36.090129,89.250000,47.806107,5.508526,30,30,30,30
2001-05-01,197.012117,73.374194,40.612426,0.533752,31,31,31,31
2001-06-01,40.114600,61.473333,32.927740,-0.545679,30,30,30,30
2001-07-01,458.804473,80.596774,44.610106,-2.000283,31,31,31,31
2001-08-01,183.553500,89.377419,49.470170,-0.333664,31,31,31,31
2001-09-01,8.683748,83.480000,44.715449,0.183862,30,30,30,30
2001-10-01,14.342940,134.041935,74.191865,5.183051,31,31,31,31
2001-11-01,14.467095,180.400000,96.629936,6.023332,30,30,30,30
2001-12-01,5.510126,331.032258,183.225499,11.708971,31,31,31,31
2002-01-01,13.111009,215.387097,119.216201,10.779942,31,31,31,31
2002-02-01,0.408866,149.214286,74.597168,10.995884,28,28,28,28
2002-03-01,11.979220,105.764516,58.540386,9.720069,31,31,31,31
2002-04-01,18.637027,73.430000,39.332240,4.910704,30,30,30,30
2002-05-01,288.054342,62.813793,34.767272,2.461160,31,31,29,31
2002-06-01,268.903556,81.596667,43.706655,-0.437116,30,30,30,30
2002-07-01,145.673109,65.816129,36.429057,-2.065613,31,31,31,31
2002-08-01,266.254204,103.635484,57.361972,-0.985866,31,31,31,31
2002-09-01,87.214722,108.493103,58.113534,0.710765,30,30,29,30
2002-10-01,46.498527,145.290323,80.417818,3.794285,31,31,31,31
2002-11-01,12.521226,243.233333,130.286149,6.037963,30,30,30,30
2002-12-01,20.397205,348.645161,192.974195,9.232254,31,31,31,31
2003-01-01,38.353361,371.645161,205.704636,11.361831,31,31,31,31
2003-02-01,1.980518,259.964286,129.964764,10.804567,28,28,28,28
2003-03-01,4.836068,181.935484,100.700820,11.129945,31,31,31,31
2003-04-01,0.517955,106.644828,57.123519,7.273924,30,30,29,30
2003-05-01,119.449796,72.732258,40.257117,4.853542,31,31,31,31
2003-06-01,165.890320,73.460000,39.348310,1.240693,30,30,30,30
2003-07-01,82.203381,71.290323,39.459009,-1.988314,31,31,31,31
2003-08-01,7.561516,58.612903,32.442090,0.098851,31,31,31,31
2003-09-01,90.730631,69.566667,37.262874,1.764967,30,30,30,30
2003-10-01,11.608104,106.212903,58.788567,5.336905,31,31,31,31
2003-11-01,68.399073,150.800000,80.774913,7.416568,30,30,30,30
2003-12-01,11.830286,150.645161,83.381707,9.061133,31,31,31,31
2004-01-01,5.241228,182.129032,100.807948,12.307426,31,31,31,31
2004-02-01,17.458021,129.793103,67.205299,11.043699,29,29,29,29
2004-03-01,32.479078,92.716129,51.318138,10.486155,31,31,31,31
2004-04-01,74.569174,71.520000,38.309163,4.915365,30,30,30,30
2004-05-01,19.400529,53.100000,29.390713,2.221592,31,31,31,31
2004-06-01,80.012291,52.540000,28.142665,0.320706,30,30,30,30
2004-07-01,77.622334,51.641935,28.583678,-1.062835,31,31,31,31
2004-08-01,52.793117,47.019355,26.025091,-1.203045,31,31,31,31
2004-09-01,111.425098,63.923333,34.240064,2.585006,30,30,30,30
2004-10-01,52.852914,71.890323,39.791108,2.809505,31,31,31,31
2004-11-01,80.749280,104.003333,55.708622,5.549103,30,30,30,30
2004-12-01,11.989646,140.677419,77.864588,9.714439,31,31,31,31
2005-01-01,35.097478,136.854839,75.748799,11.127046,31,31,31,31
2005-02-01,1.612404,99.464286,49.725493,11.778657,28,28,28,28
2005-03-01,58.029074,76.238710,42.197929,8.894764,31,31,31,31
2005-04-01,27.659794,54.740000,29.321079,5.396139,30,30,30,30
2005-05-01,218.908934,50.806452,28.121240,0.069453,31,31,31,31
2005-06-01,443.173292,95.223333,51.005679,0.586428,30,30,30,30
2005-07-01,69.858819,86.916129,48.107853,-1.220626,31,31,31,31
2005-08-01,416.034274,115.622581,63.996799,-0.154135,31,31,31,31
2005-09-01,47.804553,116.500000,62.402370,-0.954550,30,30,30,30
2005-10-01,20.214488,150.064516,83.060322,2.959603,31,31,31,31
2005-11-01,24.902299,254.766667,136.463895,7.152861,30,30,30,30
2005-12-01,6.405583,393.677419,217.899434,10.329089,31,31,31,31
2006-01-01,16.759237,457.580645,253.269704,12.503968,31,31,31,31
2006-02-01,17.714936,306.142857,153.050962,11.612554,28,28,28,28
2006-03-01,0.581585,166.354839,92.076973,9.464627,31,31,31,31
2006-04-01,26.342177,109.303333,58.547528,7.895654,30,30,30,30
2006-05-01,50.199512,73.770968,40.832040,5.813279,31,31,31,31
2006-06-01,166.584149,64.723333,34.668578,0.492552,30,30,30,30
2006-07-01,468.698148,113.432258,62.784461,-0.465216,31,31,31,31
2006-08-01,132.494092,79.806452,44.172665,-0.694389,31,31,31,31
2006-09-01,64.476217,85.200000,45.636755,1.354677,30,30,30,30
2006-10-01,117.751931,139.390323,77.152183,3.609510,31,31,31,31
2006-11-01,5.897481,220.000000,117.841385,6.961143,30,30,30,30
2006-12-01,6.325014,252.516129,139.767024,10.011037,31,31,31,31
2007-01-01,0.773650,180.929032,100.143751,11.662132,31,31,31,31
2007-02-01,30.195408,138.374074,69.177786,9.067097,28,28,27,28
2007-03-01,18.540104,107.819355,59.677734,9.239757,31,31,31,31
2007-04-01,41.068369,70.150000,37.575332,5.771389,30,30,30,30
2007-05-01,38.200667,59.735484,33.063436,1.129531,31,31,31,31
2007-06-01,197.242536,57.923333,31.026208,-1.994242,30,30,30,30
2007-07-01,197.344101,58.264516,32.249259,-3.397012,31,31,31,31
2007-08-01,38.814730,54.025806,29.903144,-4.091862,31,31,31,31
2007-09-01,0.208125,61.244444,32.805137,1.503512,30,30,27,30
2007-10-01,7.444187,,,3.617333,31,31,20,31
2007-11-01,11.226834,121.910000,65.300197,7.152212,30,30,30,30
2007-12-01,18.253613,126.758621,70.160569,9.657936,31,31,29,31
2008-01-01,5.044137,125.161290,69.276451,12.083268,31,31,31,31
2008-02-01,17.667145,97.982759,50.734287,10.436673,29,29,29,29
2008-03-01,14.225418,70.303226,38.912654,9.338722,31,31,31,31
2008-04-01,41.308051,57.693333,30.903010,6.338067,30,30,30,30
2008-05-01,420.778012,94.364516,52.230516,1.905544,31,31,31,31
2008-06-01,163.235423,92.520000,49.557659,-1.114463,30,30,30,30
2008-07-01,68.454253,61.864516,34.241850,-1.154839,31,31,31,31
2008-08-01,247.622554,80.045161,44.304790,-2.910065,31,31,31,31
2008-09-01,13.799698,80.793333,43.276356,0.672814,30,30,30,30
2008-10-01,12.271545,116.477419,64.469950,3.164987,31,31,31,31
2008-11-01,0.054347,250.466667,134.160631,8.412276,30,30,30,30
2008-12-01,3.144497,284.967742,157.728908,10.683866,31,31,31,31
2009-01-01,13.197669,197.806452,109.485359,11.651039,31,31,31,31
2009-02-01,17.380113,145.071429,72.526016,10.666135,28,28,28,28
2009-03-01,7.008041,107.909677,59.727727,10.976093,31,31,31,31
2009-04-01,0.060940,79.903333,42.799634,10.449287,30,30,30,30
2009-05-01,67.380101,60.538710,33.508019,4.864238,31,31,31,31
2009-06-01,174.960066,57.000000,30.531632,-0.023530,30,30,30,30
2009-07-01,32.972472,54.426667,30.125019,-2.987613,31,31,30,31
2009-08-01,191.400086,63.812903,35.320277,-0.862206,31,31,31,31
2009-09-01,211.906221,84.763333,45.402857,-1.139853,30,30,30,30
2009-10-01,30.901318,83.803226,46.384869,3.370090,31,31,31,31
2009-11-01,25.661495,121.876667,65.282342,5.310579,30,30,30,30
2009-12-01,0.878818,200.903226,111.199416,9.429867,31,31,31,31
2010-01-01,3.428845,196.612903,108.824733,12.115462,31,31,31,31
2010-02-01,1.304209,149.214286,74.597168,10.992374,28,28,28,28
2010-03-01,0.000000,118.032258,65.330550,11.197327,31,31,31,31
2010-04-01,5.017437,81.570000,43.692372,6.874276,30,30,30,30
2010-05-01,53.366067,62.706452,34.707859,2.912662,31,31,31,31
2010-06-01,150.213762,59.830000,32.047500,-1.270840,30,30,30,30
2010-07-01,48.938707,50.712903,28.069461,-5.134683,31,31,31,31
2010-08-01,21.517252,51.387097,28.442625,-1.546865,31,31,31,31
2010-09-01,5.190130,55.196667,29.565689,-0.163764,30,30,30,30
2010-10-01,22.857222,76.029032,42.081873,3.759047,31,31,31,31
2010-11-01,49.096535,100.020000,53.574979,6.114732,30,30,30,30
2010-12-01,25.847366,99.461290,55.051567,8.341591,31,31,31,31
2011-01-01,17.295119,92.900000,51.419910,10.937551,31,31,31,31
2011-02-01,22.039988,83.846429,41.917609,10.966895,28,28,28,28
2011-03-01,12.278215,65.951613,36.504047,9.091382,31,31,31,31
2011-04-01,35.872183,51.400000,27.532033,5.859897,30,30,30,30
2011-05-01,8.201720,42.438710,23.489716,5.229328,31,31,31,31
2011-06-01,102.527481,33.970000,18.195781,-1.440939,30,30,30,30
2011-07-01,66.028304,33.432258,18.504668,-3.799248,31,31,31,31
2011-08-01,146.490058,32.945161,18.235062,-3.250259,31,31,31,31
2011-09-01,19.949932,45.400000,24.318177,1.976979,30,30,30,30
2011-10-01,14.703597,65.896774,36.473694,3.493884,31,31,31,31
2011-11-01,15.191341,87.090000,46.649119,7.422391,30,30,30,30
2011-12-01,1.493156,97.235484,53.819589,11.178317,31,31,31,31
2012-01-01,24.932991,81.729032,45.236808,12.046567,31,31,31,31
2012-02-01,4.943551,80.810345,41.842619,11.055999,29,29,29,29
2012-03-01,1.942093,73.612903,40.744552,11.791560,31,31,31,31
2012-04-01,32.353680,55.180000,29.556762,6.430085,30,30,30,30
2012-05-01,138.561105,53.635484,29.687102,4.498580,31,31,31,31
2012-06-01,225.073719,45.916667,24.594925,0.312442,30,30,30,30
2012-07-01,28.214783,42.735484,23.653980,-1.050653,31,31,31,31
2012-08-01,48.255573,34.938710,19.338485,-1.291516,31,31,31,31
2012-09-01,4.450084,48.010000,25.716204,2.755999,30,30,30,30
2012-10-01,65.320374,53.541935,29.635323,2.105192,31,31,31,31
2012-11-01,12.067039,129.836667,69.546057,6.723442,30,30,30,30
2012-12-01,75.273945,134.851613,74.640019,8.066440,31,31,31,31
2013-01-01,14.376159,145.096774,80.310689,12.236944,31,31,31,31
2013-02-01,21.496028,101.032143,50.509317,10.957982,28,28,28,28
2013-03-01,0.614403,69.645161,38.548417,8.733378,31,31,31,31
2013-04-01,9.658616,52.026667,27.867702,7.523584,30,30,30,30
2013-05-01,168.502135,44.619355,24.696698,1.947904,31,31,31,31
2013-06-01,80.731889,50.493333,27.046383,0.110134,30,30,30,30
2013-07-01,29.030308,46.838710,25.925105,-0.791913,31,31,31,31
2013-08-01,99.899122,50.232258,27.803425,-0.788783,31,31,31,31
2013-09-01,78.756825,56.950000,30.504849,-0.387491,30,30,30,30
2013-10-01,11.864839,79.577419,44.045896,3.760280,31,31,31,31
2013-11-01,9.329608,111.813333,59.891991,6.559520,30,30,30,30
2013-12-01,5.252714,137.322581,76.007693,11.408603,31,31,31,31
2014-01-01,20.133510,124.729032,69.037197,12.427229,31,31,31,31
2014-02-01,38.124470,89.378571,44.683311,9.699713,28,28,28,28
2014-03-01,5.929824,71.509677,39.580422,8.251114,31,31,31,31
2014-04-01,25.641550,59.389286,31.811435,6.758115,30,30,28,30
2014-05-01,100.385812,50.051613,27.703438,1.564834,31,31,31,31
2014-06-01,114.959161,48.900000,26.192926,-1.101198,30,30,30,30
2014-07-01,94.384094,44.719355,24.752047,-1.678400,31,31,31,31
2014-08-01,51.526396,45.661290,25.273406,0.289729,31,31,31,31
2014-09-01,114.531264,46.766667,25.050222,-0.084964,30,30,30,30
2014-10-01,16.395459,89.945161,49.784414,5.413223,31,31,31,31
2014-11-01,20.570965,112.143333,60.068753,6.521514,30,30,30,30
2014-12-01,15.580879,96.167742,53.228596,8.587758,31,31,31,31
2015-01-01,1.082505,94.987097,52.575112,12.605879,31,31,31,31
2015-02-01,7.820984,77.271429,38.630549,11.197471,28,28,28,28
2015-03-01,10.339023,,,11.443706,31,31,22,31
2015-04-01,1.063817,,,8.839312,30,30,0,30
2015-05-01,6.668355,,,4.876218,31,31,0,31
2015-06-01,9.574825,,,2.211106,30,30,0,30
2015-07-01,195.649925,,,-2.018330,31,31,0,31
2015-08-01,240.485745,,,-1.034627,31,31,0,31
2015-09-01,106.384806,,,0.026835,30,30,0,30
2015-10-01,127.049449,,,1.101354,31,31,0,31
2015-11-01,23.314963,,,4.321232,30,30,0,30
2015-12-01,2.111066,,,8.553599,31,31,19,31
2016-01-01,12.537874,169.225806,93.666046,11.021394,31,31,31,31
2016-02-01,0.438773,129.517241,67.062461,11.921819,29,29,29,29
2016-03-01,0.182688,99.719355,55.194405,10.922329,31,31,31,31
2016-04-01,372.242191,114.130000,61.132897,4.324961,30,30,30,30
2016-05-01,108.699412,75.300000,41.678355,1.569489,31,31,31,31
2016-06-01,103.483391,76.150000,40.789188,-0.512282,30,30,30,30
2016-07-01,166.646598,65.316129,36.152309,-1.992175,31,31,31,31
2016-08-01,51.729532,67.183871,37.186099,0.731431,31,31,31,31
2016-09-01,2.937864,76.423333,40.935597,3.782766,30,30,30,30
2016-10-01,64.712366,88.361290,48.907746,3.525141,31,31,31,31
2016-11-01,8.482571,137.233333,73.508028,6.892177,30,30,30,30
2016-12-01,30.618299,170.677419,94.469510,9.241152,31,31,31,31
2017-01-01,1.764504,186.000000,102.950519,13.124305,31,31,31,31
2017-02-01,31.944873,148.857143,74.418620,11.096342,28,28,28,28
2017-03-01,7.054711,86.870968,48.082856,9.513122,31,31,31,31
2017-04-01,63.149704,70.420000,37.719956,5.254117,30,30,30,30
2017-05-01,102.639826,60.927586,33.723261,0.855758,31,31,29,31
2017-06-01,101.132256,59.866667,32.067140,-0.374135,30,30,30,30
2017-07-01,60.170333,55.461290,30.697681,-0.644169,31,31,31,31
2017-08-01,84.865059,51.287097,28.387275,-1.506616,31,31,31,31
2017-09-01,56.558566,57.913333,31.020852,2.009490,30,30,30,30
2017-10-01,57.113871,82.338710,45.574263,2.269856,31,31,31,31
2017-11-01,18.984322,111.973333,59.977694,6.104147,30,30,30,30
2017-12-01,3.427101,138.967742,76.918286,10.223665,31,31,31,31
2018-01-01,17.961765,109.425806,60.566901,11.379389,31,31,31,31
2018-02-01,5.779832,104.617857,52.301935,11.931759,28,28,28,28
2018-03-01,2.046523,60.416129,33.440171,9.841208,31,31,31,31
2018-04-01,28.677434,52.566667,28.156949,8.728011,30,30,30,30
2018-05-01,47.833846,35.216129,19.492036,4.544245,31,31,31,31
2018-06-01,68.308731,36.256667,19.420617,-1.151987,30,30,30,30
2018-07-01,96.097489,34.345161,19.009958,-2.024200,31,31,31,31
2018-08-01,35.816547,37.319355,20.656166,0.260370,31,31,31,31
2018-09-01,141.523692,47.073333,25.214485,2.897381,30,30,30,30
2018-10-01,81.404420,54.509677,30.170965,2.696549,31,31,31,31
2018-11-01,20.561164,88.243333,47.266894,6.368177,30,30,30,30
2018-12-01,25.472913,109.038710,60.352644,9.027335,31,31,31,31
2019-01-01,5.667022,106.329032,58.852844,12.144326,31,31,31,31
2019-02-01,7.264291,94.017857,47.002643,12.164561,28,28,28,28
2019-03-01,1.823017,67.154839,37.170030,9.907935,31,31,31,31
2019-04-01,3.683835,56.530000,30.279879,8.734568,30,30,30,30
2019-05-01,66.343725,38.490774,21.304544,4.359664,31,31,31,31
2019-06-01,92.811898,28.798467,15.425687,-1.078413,30,30,30,30
2019-07-01,20.420281,24.811226,13.732949,-0.814518,31,31,31,31
2019-08-01,13.302321,31.219355,17.279832,0.338697,31,31,31,31
2019-09-01,22.840775,47.707300,25.554065,1.155728,30,30,30,30
2019-10-01,15.328923,44.006613,24.357546,3.463735,31,31,31,31
2019-11-01,3.353470,65.043933,34.840305,8.738647,30,30,30,30
2019-12-01,5.622992,64.845452,35.891790,11.052115,31,31,31,31
2020-01-01,15.580000,85.460516,47.302175,13.272622,31,31,31,31
2020-02-01,0.095675,63.965966,33.120803,11.950953,29,29,29,29
2020-03-01,0.000000,54.002516,29.890253,11.959660,31,31,31,31
2020-04-01,28.430374,28.967793,15.516386,8.158196,30,30,29,30
