date,nino34,pnm_sepac,z500_chile
1979-01-01,0.027961613758813186,-1.1675062407150667,-12.050502050290126
1979-02-01,0.16680999627325382,0.5537190501786955,-16.935321536769738
1979-03-01,0.13379898022318742,-0.46422465956720843,-13.47407373061842
1979-04-01,0.27197861721937905,-1.9837618562857648,2.2040325540883963
1979-05-01,0.18999486685880926,0.45088665348511436,37.555892032779646
1979-06-01,-0.2455917008469107,4.429859229309141,34.451552882197895
1979-07-01,-0.3962720836954294,-5.322814298333065,9.247482429150411
1979-08-01,0.047319445533815396,-2.7536317667232,28.539514698527682
1979-09-01,0.09665403335833896,0.12371194490104175,-23.65352681207204
1979-10-01,-0.06845958378106082,1.8432325902467608,20.774576418580953
1979-11-01,-0.0811868437147254,-3.9843115373907745,-23.748873084692256
1979-12-01,0.26386934963169156,-2.704966499585944,-25.024424488750952
1980-01-01,0.5937047184689751,-0.0745979706826736,3.3010986553765265
1980-02-01,0.3680132473248371,-1.4830859817757538,-6.763361905136979
1980-03-01,0.1271235237679035,-2.3016268646296303,9.16903005936668
1980-04-01,0.1710693455039821,-3.1850024665325276,-77.36584490216676
1980-05-01,-0.01950311047329173,-3.6910884902469783,-29.39680851332996
1980-06-01,-0.09350873054410817,-1.3594250055634707,7.531447356136779
1980-07-01,-0.4944477044861156,-3.154195157850351,-18.181794791630495
1980-08-01,-0.5894074785125539,-0.6008243504228419,10.701337190509111
1980-09-01,-0.265025156623862,0.3891946725361575,14.049154488373699
1980-10-01,-0.4537615643966126,2.5896261607247295,7.170341218981664
1980-11-01,-0.41520925518758633,1.3705093806999944,-0.16267812888561023
1980-12-01,-0.43242580989351204,-1.2432947906035938,-1.0174032237145263
1981-01-01,-1.0160303079031108,-0.856099068987033,-39.53382901001249
1981-02-01,-1.1348264329191815,0.3597364732304974,2.0134431032261495
1981-03-01,-0.8577334173783976,-1.3112338826308445,-6.917239315154517
1981-04-01,-0.8531068826386188,-3.3792381177204494,-29.336958377040702
1981-05-01,-0.6662795398526598,-5.9195573993591015,-49.628651896751904
1981-06-01,-0.753326205940811,2.970074481318576,31.882744713221275
1981-07-01,-0.519336466322996,-2.079315494150911,10.753923335943199
1981-08-01,-0.6712291733341164,1.5511823151002369,16.37517382101931
1981-09-01,-0.5387046303655243,1.4435973969879765,9.965756754596532
1981-10-01,-0.6050663767541583,0.6389244694388544,-15.15851596688289
1981-11-01,-0.5390818898462206,1.888032717102663,-3.624697629814085
1981-12-01,-0.34119018543366597,0.9060695878027047,3.9311559260837
1982-01-01,-0.16451338799816628,-1.9305617190733937,-18.332082837152697
1982-02-01,-0.08918109698328222,1.4169486137202123,-15.734256464020685
1982-03-01,0.08170072674402351,0.891990758685406,-1.3591865237544858
1982-04-01,0.5625167579494352,-0.856910949620648,28.044362958325863
1982-05-01,0.7195785763990052,-4.242950298353584,-23.544945058391363
1982-06-01,0.8244447880348013,-1.9797290918232835,-22.09031739095615
1982-07-01,0.692903501940698,-4.75093989938354,-33.770004187840534
1982-08-01,1.0726497635392316,-2.8208053088318317,5.007853734800001
1982-09-01,1.4838868032989005,-7.470981379532685,-51.34083237092946
1982-10-01,1.9415087586275446,-0.06180417808020859,-4.119483659775671
1982-11-01,2.326888829040149,-0.4281373771355538,-23.898045430440504
1982-12-01,2.5795467203976736,-0.9567536653367512,8.213253743592766
1983-01-01,2.6876329589152417,-3.2275982704425616,-23.77048870516583
1983-02-01,2.0999336307017695,0.546084158290432,9.433326149388192
1983-03-01,1.6002223634595723,-1.393241094539421,-29.73854934325951
1983-04-01,0.9994781226750197,-1.4890743787380174,-22.703858036966025
1983-05-01,0.7867520726213308,0.2998627404579584,-36.65637338482409
1983-06-01,0.42963033873894524,0.5816874754177532,-45.054127015339546
1983-07-01,-0.28349011478961555,0.7386211700192455,-19.192793163977417
1983-08-01,-0.4975083154320048,-0.6927376648885738,-31.271290480772965
1983-09-01,-0.4900947327754453,1.530271058094289,-26.383897646623087
1983-10-01,-0.8606777120391579,0.5355946413716518,32.970805088621255
1983-11-01,-1.1171043008889476,1.618955903576562,48.304854262669764
1983-12-01,-1.0308583698875462,-1.3693987677296315,24.0894037295759
1984-01-01,-0.5925058617756532,-1.1527066445526646,-20.642311780769003
1984-02-01,-0.49365898814631537,-0.43114175978687,-25.92528648098543
1984-03-01,-0.6385159532622069,-0.9601395072019375,-16.339707693668093
1984-04-01,-0.48400092203341455,1.4473046948563044,9.628588172964049
1984-05-01,-0.5089322082754981,1.643184961491097,-54.34129864676567
1984-06-01,-1.082325126660054,1.5659572927023993,-55.4435589549445
1984-07-01,-0.7478820738825367,-4.064585123379082,-42.3962488081892
1984-08-01,-0.5325471520049205,2.9491656564099635,-4.7282210638832405
1984-09-01,-0.34932441248408486,-6.13963666975719,-42.038663499150616
1984-10-01,-0.9099138319560294,-2.403910518877159,-15.176486838708497
1984-11-01,-1.3639203257007861,1.783568152143481,-9.975309150373471
1984-12-01,-1.303032291859813,-0.42986381086639996,-13.876536200603228
1985-01-01,-0.9866004819941727,-1.2937907264754276,-26.172312426937122
1985-02-01,-0.7672246017174897,0.33137839708781014,-13.728493243232037
1985-03-01,-0.7507591802344906,-0.10262100893362232,-7.875109666381642
1985-04-01,-0.8617014333560145,1.691332450415798,-3.5488690045237563
1985-05-01,-0.7748513661675116,-0.4488095683324806,9.161933394253653
1985-06-01,-0.736042717673405,-5.705672697328655,9.628356207120538
1985-07-01,-0.7261610837584205,-1.7634823071436443,-11.169689364741386
1985-08-01,-0.4642887259202726,3.9511809014498476,23.008499620451545
1985-09-01,-0.6106269433531519,-2.385378017696561,-5.278315529085091
1985-10-01,-0.5276728407349961,-2.3621859420320117,-41.27649916768759
1985-11-01,-0.5776440661080556,-1.0909049055656042,13.332915712534042
1985-12-01,-0.5579842042583244,1.2271847995801024,-10.14672715631729
1986-01-01,-0.8228066917385989,0.37586558847254065,-20.792443224003808
1986-02-01,-0.7289372107686954,0.3285411050943114,-4.7811686684075
1986-03-01,-0.5990973811793084,2.0017444777596065,0.2054294614285513
1986-04-01,-0.40812777009340934,-3.4918824418430034,-27.38822545387983
1986-05-01,-0.4094716456953887,-3.011542561519281,-13.143492316479485
1986-06-01,-0.17376990255795047,-1.3238585410196642,-19.317251325596146
1986-07-01,-0.1218082585967004,-1.9695834297226913,46.11314222386052
1986-08-01,0.35459480163691326,-2.2203501003619364,-6.812730778994795
1986-09-01,0.49498618400356503,-1.6833282190110057,-26.405122462119525
1986-10-01,0.7938873146872498,-0.6446601239598366,19.02123870512606
1986-11-01,0.9467819342658094,-1.7765071202113216,-39.88140378727686
1986-12-01,1.1822607671863261,0.024029272860952237,19.301448023286106
1987-01-01,1.3969063196919755,0.11369665880786574,-1.5053042418848341
1987-02-01,1.0794436306129274,-2.886606577604423,-11.297039606169923
1987-03-01,1.1571830415634963,-2.4900906645032785,-14.24240616363242
1987-04-01,0.7891743657457064,-1.0737558017632667,1.056164030367703
1987-05-01,0.7973257459314291,2.0969195498456887,-33.37864914009328
1987-06-01,1.117673057082748,2.2090831421202877,57.304675119483875
1987-07-01,1.2939795303162624,-8.593669470354444,-78.61608565545193
1987-08-01,1.643067940561824,-3.228800677540567,-31.593755700190286
1987-09-01,1.4636280463842775,-0.646094668663213,-8.56001530043489
1987-10-01,1.2266107461718312,-1.61398357002013,2.071200670870124
1987-11-01,1.0669967420154596,0.25485514805517384,25.17201659155738
1987-12-01,0.8083332867734113,0.6681783973581483,7.458848115746673
1988-01-01,0.8119227848953626,1.06335372369559,-18.86000994721506
1988-02-01,0.49190035763512735,-0.5174340599611043,13.450664105848986
1988-03-01,-0.013569356096474645,-0.6512722376937264,-3.555805225781901
1988-04-01,-0.39061478911669567,-0.34967088448251155,12.558938054106306
1988-05-01,-1.3531403534837372,3.0995420625487164,22.80568381283935
1988-06-01,-1.5693242209517217,1.720705032532095,16.720055401057834
1988-07-01,-1.699515249839185,0.572067568672952,-6.655851620662648
1988-08-01,-1.529410631420765,0.04072388585941826,-22.07825865856304
1988-09-01,-1.7047595357221423,2.6697494668621986,-11.485556099965828
1988-10-01,-2.5132580665757334,4.062949054144662,28.658411018920162
1988-11-01,-2.5068121818885962,2.079207352624855,40.39831465590543
1988-12-01,-2.2014289684771895,0.9203567998950194,14.552885101302225
1989-01-01,-1.9325598146087186,-0.26920899846206015,1.9888418464306106
1989-02-01,-1.261632819874172,0.11260569589165918,24.276016399943817
1989-03-01,-1.2935844292280783,0.5496063981425603,-8.848907604986225
1989-04-01,-1.2339520435957285,0.9718096769566655,15.18194633874396
1989-05-01,-0.9455248316113458,2.1255909011795295,30.754735748845953
1989-06-01,-0.7194434986397846,-1.0722307169640697,22.868923528204107
1989-07-01,-0.6479242004758972,-3.4043092595992315,-11.246706279073795
1989-08-01,-0.7013315917323946,0.450230815222223,3.9481467162831714
1989-09-01,-0.7126333008731296,2.3311217257705925,1.910729158470074
1989-10-01,-0.6028327117811422,3.483717666814479,37.936232462815674
1989-11-01,-0.5983167851256043,-0.9326119483377117,28.421260217788905
1989-12-01,-0.303574129648792,-3.1585730487918173,-17.309666302606594
1990-01-01,-0.00977299372976234,-0.07612498655846225,-20.01817291277688
1990-02-01,0.0779254868364178,0.24729393364421112,-18.547214835901112
1990-03-01,-0.08244709346112428,1.666514886768006,-12.408336391146706
1990-04-01,0.2409768491193778,-0.9100704924649567,-28.11861297368344
1990-05-01,0.14134533253574602,2.4916867460717795,19.105339910606478
1990-06-01,-0.053592477716390675,2.3718545779975737,57.95205205959758
1990-07-01,-0.03238898931891217,1.8785500144750502,24.72074437556161
1990-08-01,0.12511363050083718,-1.1099987957253084,34.21661251983397
1990-09-01,0.09677309461296836,-1.6455505449671244,10.952704611925698
1990-10-01,0.11941978598784811,2.313024047892515,12.741106909227462
1990-11-01,-0.07207055615334251,1.287054647602339,4.728399843739955
1990-12-01,0.2283415555101967,-0.371705631099402,-11.799548365422853
1991-01-01,0.5671011530121994,0.18844271442931512,-26.327512271871534
1991-02-01,0.22903095453591296,1.9220029084043895,12.2056341809697
1991-03-01,-0.016943820934107783,-0.13160205693548258,12.808623537472771
1991-04-01,0.1798638849166818,-2.434799849597607,-9.481184353576365
1991-05-01,0.39140759896624233,-3.4706017343639846,-10.392870811886553
1991-06-01,0.8049588723766574,-0.9457026404494665,7.013252855813989
1991-07-01,0.335708192320658,-0.09040430125733834,-12.026993248619734
1991-08-01,0.22021658061707333,2.1117107652303035,-7.99581615436845
1991-09-01,0.299469798406414,-3.017132838968546,2.4012463943654865
1991-10-01,0.8098272343257747,1.0864353142989809,-1.473367216337537
1991-11-01,1.0510149748613606,-2.6388652181580583,-21.39242758028904
1991-12-01,1.4892697809241193,-2.4436102955681305,-49.78654819006298
1992-01-01,1.7591634413398929,-1.186124567984117,-8.22635347461034
1992-02-01,1.7591997103363763,0.1949352238031171,-26.452230437476608
1992-03-01,1.291917847557814,-4.1471895821438665,-21.037928247657725
1992-04-01,1.140266637148297,-1.5854353115015123,-46.56423920419728
1992-05-01,0.8529357406051435,-2.299807665031828,-71.15866324584513
1992-06-01,0.22197669568090062,-1.9828468736313318,-66.36158643438553
1992-07-01,0.14762917822460525,3.035570917759413,-5.766265869047585
1992-08-01,-0.21515015330372306,0.4177575263557743,21.398393292986565
1992-09-01,-0.20224723929977512,0.7973905389007064,34.7979049648352
1992-10-01,-0.4243212451532929,1.676130599970645,27.144312596653524
1992-11-01,-0.20216122650338203,-1.734853269110856,-5.543423963361449
1992-12-01,0.16867401709678123,-3.8086180715115794,-47.644593193817585
1993-01-01,0.36643500687907254,-1.1235106450256365,-1.3391233902301183
1993-02-01,0.27067685286893856,0.011111861105618034,14.638711878554625
1993-03-01,0.45242974798376273,-2.3410771371707884,-0.4180580843289939
1993-04-01,0.6030624871580864,-2.435313152605556,-26.8769904227261
1993-05-01,0.8315013409973142,-0.28277839467700544,-49.361488470734145
1993-06-01,0.5852955515966263,-3.576843569515841,-9.533361665991375
1993-07-01,0.2827946197134177,2.5316462411077914,11.75761986080878
1993-08-01,0.023685518832848605,1.8819532913063823,33.24967190623444
1993-09-01,0.30685316555495284,0.34698917380541455,-3.896786288544217
1993-10-01,0.2606874467595089,-0.14672005583644648,3.205133647689117
1993-11-01,0.2293671058217434,0.17302799390275123,-11.108888990278448
1993-12-01,0.1715569987116742,0.36581072167147444,2.4632293263032414
1994-01-01,-0.09488080291989857,0.11709724664444607,1.2316375031672637
1994-02-01,0.05558989617274203,2.3498746311215855,0.37688675003877786
1994-03-01,0.061978476661196436,-1.5233201042011089,13.90083898027658
1994-04-01,0.007113451643511728,-1.7657161395408985,-17.884566415889147
1994-05-01,0.09195738283236847,-1.2124256963254922,1.0873834508894555
1994-06-01,0.2078689005661164,-0.13724235144634178,22.315484450696605
1994-07-01,-0.05434069043310876,-2.0788035405638885,-13.155363366427368
1994-08-01,0.3789347000735387,3.9491389031501223,17.88096384350006
1994-09-01,0.24070653587179913,-5.127142120587481,7.991388496370617
1994-10-01,0.8011359463736828,-0.3225877055036123,-12.941585477854167
1994-11-01,1.1086249674435433,-0.5437106762350964,11.572388434064
1994-12-01,1.1281855056359087,-2.8750646107114957,-6.465426785870837
1995-01-01,0.8736424961697858,0.6805380972373285,-10.606963216862141
1995-02-01,0.8562915400882294,1.648800105811159,-12.888963607155462
1995-03-01,0.2736766996948495,1.427326465906489,5.03972790173652
1995-04-01,0.18850135179043132,-2.9481857556934488,-13.813319008695649
1995-05-01,-0.2849504637354035,1.634341397365726,64.30820433082238
1995-06-01,-0.27859642349431174,-0.9313926842382617,13.241942626904066
1995-07-01,-0.2927564046154544,-0.34285057414459696,-71.03858795857188
1995-08-01,-0.6542330984658213,-0.20550919630803377,-31.974228452347727
1995-09-01,-1.033043161187159,0.8267858712071067,9.082894329284734
1995-10-01,-1.1963542781967693,-0.202203494565294,4.596099114760677
1995-11-01,-1.238198930330071,1.5543152070218407,4.730155460803586
1995-12-01,-1.111007767215773,-0.33009403850873287,27.967973143481327
1996-01-01,-0.7570017463042252,0.9932407411629229,-35.688774183820904
1996-02-01,-0.8622759704687105,1.4599911364449076,-12.195240678964861
1996-03-01,-0.7160591321563424,0.6031569947573084,6.90790347326521
1996-04-01,-0.5103116908218557,-0.11424923528268743,-26.213628874564527
1996-05-01,-0.7083311623587911,2.5321326759216287,31.88742587285498
1996-06-01,-0.5822768430201726,-0.048194159952759254,-3.526904423716716
1996-07-01,-0.28119271958970893,-2.340125886699246,22.058489197155584
1996-08-01,-0.4477370890089766,-2.1522414924271573,-24.127927920275923
1996-09-01,-0.5017059232293453,1.8315982491937126,33.05224215507584
1996-10-01,-0.4562055645867306,0.5612515575003397,13.6367370774882
1996-11-01,-0.5983256597495697,-1.0504808106195507,9.555318382506492
1996-12-01,-0.7465376036349989,0.2719804138860756,-6.419503703214773
1997-01-01,-0.6328075691679934,-0.6542875193902069,-6.04745849842951
1997-02-01,-0.3780040205956313,1.2008321195645848,-4.375849933346809
1997-03-01,-0.25314323622169416,-0.9044233353330713,2.023218920684647
1997-04-01,0.15090629068304987,-1.9189346997611294,31.56660468738216
1997-05-01,0.5556233949597683,-4.726498803610297,-11.51745729635378
1997-06-01,1.056626540230394,-3.8730276012869647,-56.78137241023629
1997-07-01,1.5825428759865632,-3.9976104974307995,-8.142758298646495
1997-08-01,1.871136129363683,-1.0914041282724367,15.882175482156958
1997-09-01,2.114665778001709,-2.290925925220985,-34.118237836678944
1997-10-01,2.440536160557087,-1.5926840325863816,-66.40239284130186
1997-11-01,2.5691955054850344,-1.497032482038414,-31.16779886186052
1997-12-01,2.6955927557871155,-1.0229676230920326,-27.919750315737595
1998-01-01,2.6058020277863307,-0.3494419230665134,-12.461240723723478
1998-02-01,2.2302951204455237,0.6304821655243064,-27.283237343045318
1998-03-01,1.5155083461834522,-0.2478844581244301,-23.535051285273706
1998-04-01,0.8820065268762357,-2.674832562208493,-42.11092359694172
1998-05-01,0.5009834489283126,-2.839306578597241,2.8141460651477415
1998-06-01,-0.9462629120609986,-0.45500519514348814,-4.164381545191158
1998-07-01,-1.498678646515612,1.2748148228809062,26.198797348361296
1998-08-01,-1.5377908242989562,4.447095044265942,26.52917349104433
1998-09-01,-1.1253834705305512,2.0799347048539554,1.2197708669980312
1998-10-01,-1.3839878852423133,2.683725585126396,60.98720383598047
1998-11-01,-1.59537951544078,1.444545050781036,8.431629434560609
1998-12-01,-1.9540957786902315,1.9755441309068709,34.285041904889034
1999-01-01,-1.689904221107328,1.5345937440082738,-0.5996947740535422
1999-02-01,-1.2849498257755805,0.0748279760319067,9.283265721807297
1999-03-01,-0.9556471818481606,0.07949055083584249,-44.333693717284184
1999-04-01,-0.9020570031451699,0.8342198079428821,-4.133217179037719
1999-05-01,-0.829537751927013,1.5445069145484922,24.666167291901335
1999-06-01,-1.0706675533683179,-1.3991716605176232,-19.579977179091482
1999-07-01,-0.9112727300480451,2.457876937765748,2.451988168086387
1999-08-01,-1.2399306066221958,-2.3050749952746283,-8.335750926482607
1999-09-01,-1.0828480662156308,-2.2876404188963733,-21.39477597328314
1999-10-01,-1.1583703243747023,0.8428272504774255,1.7989354270608457
1999-11-01,-1.6720797408042551,-0.38760398451706923,8.138941783355298
1999-12-01,-1.8718587536978353,0.921287229431801,-5.116486663142512
2000-01-01,-1.7986052081915056,0.37633909862410386,-30.432161292923993
2000-02-01,-1.4736898159323397,0.054773834411137694,-29.95754514329816
2000-03-01,-1.0047701613522324,1.2001725532503333,-17.08432184316713
2000-04-01,-0.6585801937534068,0.17677442834609755,-2.163149112365251
2000-05-01,-0.6767092703052338,1.1489266567220935,-12.023631811551459
2000-06-01,-0.6963681846256444,-5.4152128655654455,-70.54349065271283
2000-07-01,-0.6581078280671855,3.3600063874849297,27.672404840480976
2000-08-01,-0.5113225659207111,-1.0395579130836956,-9.547440301325645
2000-09-01,-0.43630552855311866,-3.1165653230706676,-33.13677327856773
2000-10-01,-0.7010028176637215,0.39515666954933154,23.234072086611267
2000-11-01,-0.9102496944397103,-0.4345253343274971,-14.140338222731582
2000-12-01,-0.9365495628993741,0.665341733556976,13.25452314488391
2001-01-01,-0.594041116458025,-1.556047566838183,-23.0752861873939
2001-02-01,-0.6739673067985825,-1.2228528705383308,17.681134358256728
2001-03-01,-0.32509103148276747,0.3828356121143523,-1.4847569068480007
2001-04-01,-0.10114070479346904,1.6718534533976221,-2.5668601606636186
2001-05-01,-0.2090390196189124,-0.4730859320880064,-35.42288045958522
2001-06-01,-0.05402856989153242,2.751555616283964,29.86240716841967
2001-07-01,0.07634406330564554,-6.181594269534751,-42.39278526500145
2001-08-01,-0.10092112461390162,-0.6516994555215795,-8.122209175119899
2001-09-01,-0.2775871847832696,0.8421960967378392,-24.0656784427872
2001-10-01,-0.2834699945706553,-1.0338220689072022,20.67671854087021
2001-11-01,-0.3202084717043378,0.8777985008911678,-14.212178326816273
2001-12-01,-0.4504247986603319,-0.11622635339699382,36.66133264047649
2002-01-01,-0.028875094648601784,0.45397445408890813,-6.693301389847146
2002-02-01,0.2667450179831101,0.3282439929280011,8.665702894277148
2002-03-01,0.022962219470471366,-3.088721486032853,-38.48850441036231
2002-04-01,0.05353330118170073,0.5159716848624318,-37.0047268178757
2002-05-01,0.180515771935102,-3.797780552355552,-51.00795770426746
2002-06-01,0.624094466918581,2.8766144724390204,-3.7498849852402967
2002-07-01,0.6332257887093262,0.7275072857462015,19.130654524344
2002-08-01,0.8579067249726192,-3.2249294695422046,-15.824515028839404
2002-09-01,1.0227608446177023,-2.2549591737658132,-7.086663042542565
2002-10-01,1.1735928417568098,-4.08661307073168,-39.722454646292576
2002-11-01,1.3856668005463775,0.3458947718300994,-9.104310731195532
2002-12-01,1.3777432680875497,-0.7695061187515863,-27.842864973220742
2003-01-01,1.098457785660255,0.6944261645684247,0.45916643992776374
2003-02-01,0.6611212203067576,1.1301137567933817,2.972520624719744
2003-03-01,0.5138004513129073,-0.16216593232229337,23.155414032701238
2003-04-01,-0.06859270785253455,-0.25564882913587444,-5.467603036501223
2003-05-01,-0.4803983970347818,0.9400074781950667,12.097896818622766
2003-06-01,-0.31079300880361455,-5.843094703575526,-7.631778607797138
2003-07-01,-0.008019097040864107,2.661789205442979,23.880295251810477
2003-08-01,-0.16413251739764442,2.423348155400929,40.748133252967676
2003-09-01,0.10579502095135371,-1.7935931803745717,1.4939339849500761
2003-10-01,0.3107641818178131,-1.1343726192852945,32.7231401340229
2003-11-01,0.27894136024344257,-2.3298771681471218,14.515003468498412
2003-12-01,0.2650982037613803,2.232596176318894,-8.668156450805629
2004-01-01,0.0987726687210151,0.62603126062422,11.853956279739332
2004-02-01,0.08946170817844766,0.23229722365476269,-3.455688360068767
2004-03-01,-0.13024385315618997,-2.5799944408694593,-22.972550765271087
2004-04-01,-0.0702375404020866,-0.400586152227132,-13.423493204634704
2004-05-01,0.08907640145141116,2.3912288889524236,38.076950762869174
2004-06-01,-0.06520787297988959,-0.44551724000971615,16.487146141375153
2004-07-01,0.3302544182177648,-2.649621030105362,-11.1299701031404
2004-08-01,0.5529124695484672,0.8701466227009205,-4.816241509996175
2004-09-01,0.6557239048627946,-0.08524425300256698,21.021410125125417
2004-10-01,0.5721393516544674,0.15024525825309076,3.864179430287839
2004-11-01,0.49107766827331556,-0.7991334042416077,-15.7899535340851
2004-12-01,0.665298909985475,-1.6862565273853687,-13.535686841761253
2005-01-01,0.5245225919579928,2.1461635599156064,-6.557406760461286
2005-02-01,0.20701594713721874,-1.50088294549365,-2.7811559300242337
2005-03-01,0.3343797784990976,0.053031128180701,-18.034458136469226
2005-04-01,0.18224922317449663,0.9056286664893052,-3.6029634004450233
2005-05-01,0.23051076875231707,-1.427291332133389,-50.581115040322274
2005-06-01,0.24012590042021048,-3.7903120214336727,-23.399213031614654
2005-07-01,0.08226394429372405,-0.6946879765858479,6.511670818137406
2005-08-01,-0.11802219296917092,-1.8636809263644465,-20.201116720737414
2005-09-01,-0.17136137088255976,1.802777626074619,-4.665307092795051
2005-10-01,-0.030093614527110225,3.130369947893942,7.540701454833078
2005-11-01,-0.5344575937483482,-1.7902845104914606,-5.562352860558324
2005-12-01,-0.7499021088703491,0.1327609111192938,-0.7013596617485934
2006-01-01,-0.7625542437012648,-1.4554239071305795,-1.9782330509584973
2006-02-01,-0.5854147932386365,-0.541253419934595,5.40264673935158
2006-03-01,-0.7268273997422916,0.7738213086485495,-11.447444534369085
2006-04-01,-0.2661118703798678,-0.12388626686216105,19.685802821687012
2006-05-01,-0.039878517668654835,-1.2542533140694925,31.515891122131414
2006-06-01,0.07464522170908033,-4.092045884122777,-1.9860781682401378
2006-07-01,0.016750580700517565,-3.521097934137366,-15.309050179297703
2006-08-01,0.28332058571757696,-1.066123607294561,7.8916755189352665
2006-09-01,0.6099810249397327,-0.13985849667785932,19.432515627625975
2006-10-01,0.6837245906293775,-0.8662349266291892,-7.718180689963136
2006-11-01,0.8689755667064434,0.5365075480805943,-1.9316337145272695
2006-12-01,1.1132038072302286,-1.6578951469312109,-18.18019032520303
2007-01-01,0.7539086670211723,-1.0778096175308542,-24.272887053755852
2007-02-01,0.2121558155747077,1.2857185830949405,-23.24600442483464
2007-03-01,-0.08854346430395252,0.9265183273997032,-9.932321882074017
2007-04-01,-0.1921834401489726,-1.5162114656294314,-32.98333877122323
2007-05-01,-0.40191191497003254,4.690901820495766,-5.184126511803179
2007-06-01,-0.1990285847022581,1.4774914382128281,-27.580695943605303
2007-07-01,-0.6014876368333043,3.868474676487958,16.300716688800097
2007-08-01,-0.7073924154540905,6.28015352667202,-15.399318665949453
2007-09-01,-1.2164498218118447,-0.34856324861147625,-37.492046278372975
2007-10-01,-1.644203026792802,-1.107577740168087,-4.114978260438385
2007-11-01,-1.7692025275624113,1.278841620197111,6.168723784397551
2007-12-01,-1.6038919543115524,1.717742017884067,10.16836809081048
2008-01-01,-1.6733756862403568,-1.220086082329963,-5.562064534296595
2008-02-01,-1.7360325836715895,-0.854043367353815,-1.35134781603455
2008-03-01,-1.1654585890106357,-0.3796909706178011,-11.893723433819483
2008-04-01,-0.9631501913237408,0.20196812110684687,1.6476061640704238
2008-05-01,-0.7624281070943416,-1.428392882338076,2.751962038638329
2008-06-01,-0.5967925646201636,1.439480419061312,11.104013315883702
2008-07-01,-0.2194868303295064,-5.756654172076934,-28.137130763600236
2008-08-01,-0.12320542560267776,-0.9505324647830375,-26.773394446044367
2008-09-01,-0.3379199152158457,-0.362062904660227,-8.522318202519289
2008-10-01,-0.4654109555667749,3.112596217781592,15.450368579554913
2008-11-01,-0.5580848773293755,-0.9732869212089008,19.74343992072402
2008-12-01,-0.9369310410121531,0.6652285731669294,19.559127071466882
2009-01-01,-0.9309133981007804,1.581570967582138,18.37985423151098
2009-02-01,-0.5927674915736525,0.9334210195968968,-2.140849306043385
2009-03-01,-0.5139250294836124,-0.1263083990736168,29.610125990564146
2009-04-01,-0.2863427855893577,-0.6927780548824929,56.58930181867227
2009-05-01,0.10064465450307616,0.7855780786025589,39.15062076669571
2009-06-01,0.3397257589491535,-2.6477099385580636,1.3116957016969417
2009-07-01,0.5224039168799314,1.4295114918579679,1.0038558041977959
2009-08-01,0.565537646457173,-3.2157354639457734,-14.095895142378247
2009-09-01,0.6615010740963323,4.000459395421717,-5.888282907360439
2009-10-01,0.7551834661945034,-1.4007365801465252,-2.2285970589994424
2009-11-01,1.2950845084483071,-0.43084427589115365,-52.58304427680451
2009-12-01,1.5265935559461405,-0.1256888418075885,-20.97779731137496
2010-01-01,1.495492082889005,0.7796872840029313,4.436084301900329
2010-02-01,1.1836158162786847,-1.1909271699243726,-35.050247614305725
2010-03-01,0.9927327171276275,-1.2101207098746645,3.169145054147303
2010-04-01,0.5389038267076803,1.8337245170252703,-4.800331730936816
2010-05-01,-0.23665034535402776,3.8358139231329513,17.160449593312844
2010-06-01,-0.7636193317309367,0.49664038037161407,-11.220867469747526
2010-07-01,-1.2160079140493014,3.4408717271720555,-18.83356926764839
2010-08-01,-1.4242806492746907,-0.39051642265595266,-14.998141028274167
2010-09-01,-1.5554451452281124,0.9497817203634493,-7.435811479942113
2010-10-01,-1.716883635902998,1.234892028293084,15.023987750340623
2010-11-01,-1.782046829069707,2.2234626009545977,11.634107626161292
2010-12-01,-1.804477883154177,0.4437083686331976,-19.084591267810236
2011-01-01,-1.6143198487412094,-0.8476074437026824,-20.96513970678555
2011-02-01,-1.1260172803260078,0.03325962244722298,-2.26411306538729
2011-03-01,-0.980605211063124,0.7679126607039328,-14.975355797062461
2011-04-01,-0.6919515920441561,1.671965218951082,21.03603654975259
2011-05-01,-0.4717748957919932,1.4922173852764409,30.035724954473075
2011-06-01,-0.3764893270603955,-0.33391825214800863,-25.39047586452989
2011-07-01,-0.46877369369767424,-0.006652917580931035,-29.01519236758126
2011-08-01,-0.753438218807002,-1.1183142421581138,-42.5854980814334
2011-09-01,-0.8353968383519217,-0.3103484668081223,23.287455275023735
2011-10-01,-1.071298212929528,1.6742301226061096,3.273281685373017
2011-11-01,-1.3322058203907008,-0.8500245401068962,2.158506673962151
2011-12-01,-1.1073111940565288,0.41780341275017124,28.084476385023645
2012-01-01,-1.005805501324211,-2.3887561983094407,-21.107611409569074
2012-02-01,-0.653006574682504,-2.0206717271080965,-17.191052096491276
2012-03-01,-0.5569743908162242,-1.161751924696911,15.523860743195119
2012-04-01,-0.4002128682656814,1.0908344903472271,5.518412486893091
2012-05-01,-0.1925386291321322,-3.7278070930116693,-3.62886449907796
2012-06-01,0.08553315685462637,-0.3057126010138974,18.9592522336818
2012-07-01,0.2846919110508458,4.37623802722894,29.607793742237718
2012-08-01,0.5989659110365592,1.0909638396035897,-14.24521009834844
2012-09-01,0.36203697808430385,1.0630706880096015,29.64040759069527
2012-10-01,0.17858749434506585,0.32313498982226413,-22.994884354099895
2012-11-01,0.10602689187420647,-0.3565325575628733,4.490019360648746
2012-12-01,-0.18822907890525414,-2.626692624896747,-45.23444097753769
2013-01-01,-0.3067799097348723,-0.6912290226891666,11.374076309931148
2013-02-01,-0.16005624359467147,-0.8792057868968345,-4.246425203415599
2013-03-01,-0.02325891602859916,1.3553645601417834,-7.544076743053718
2013-04-01,-0.09646776459684249,-2.741064831344896,-10.249963673910347
2013-05-01,-0.29793688820301717,1.9355660759700788,10.904827412436166
2013-06-01,-0.3630272248392384,3.719558889109002,53.609231359376636
2013-07-01,-0.3912371875042367,1.906513891418558,21.371067369510822
2013-08-01,-0.3131261375813275,3.4077606332708004,46.53434189968313
2013-09-01,-0.08761035457915019,1.102988485653869,-11.883178384229462
2013-10-01,-0.30564925962852557,0.3357421299459612,4.182117989296756
2013-11-01,-0.0485273925907943,0.9628529467790867,-1.6154217196892924
2013-12-01,-0.09607721576466494,0.22668493561606806,26.683382649849502
2014-01-01,-0.2689402755420368,-0.19127160459478657,6.622327502719805
2014-02-01,-0.365984004023198,1.317225898897644,-22.34992941610921
2014-03-01,-0.06367297923280765,2.3669727559785865,7.465418963652537
2014-04-01,0.1739999217488527,1.9746999707396684,-2.537926064031271
2014-05-01,0.33539783403218976,0.14101097506328894,3.8589103207408346
2014-06-01,0.2511346019261255,-0.43841855567283583,-17.46213224940214
2014-07-01,-0.0438670312092609,-0.34420825102921837,11.61155277580036
2014-08-01,0.1502134843144738,-2.565704556876104,15.721865367585805
2014-09-01,0.36860472466959465,-2.815241779154249,-38.19798478643281
2014-10-01,0.3936394064411324,-1.162642440818124,11.31695364356652
2014-11-01,0.6360290942330855,2.7451540057757455,10.317243712402155
2014-12-01,0.6479705503883147,0.6096561754993866,-9.938836898071175
2015-01-01,0.5712786471432342,0.8901283857609844,14.671443796349974
2015-02-01,0.6013832619286045,1.6668390192507472,5.259981753882445
2015-03-01,0.4749731326452965,-1.2048819035311569,17.20964893788696
2015-04-01,0.7099474476283004,-1.9490670256394216,14.948720107392925
2015-05-01,0.8417279007237359,-1.2836768738824156,1.0223292423557042
2015-06-01,0.9767184530944979,1.0834308127456886,28.299312882149664
2015-07-01,1.2728277140322795,-1.7642714816200926,-14.255883266546602
2015-08-01,1.7839794938537965,-3.217890214401448,-30.676672829750935
2015-09-01,2.007088513138157,-0.39645527773573985,-14.89058484311577
2015-10-01,2.214834952063889,-0.8999804468310308,-49.05154261141916
2015-11-01,2.5691074376512324,0.899906101748344,-29.78469600537588
2015-12-01,2.497756716495516,-1.3606536787841683,-16.36437540395232
2016-01-01,2.381726787200354,-1.9968438328323,-20.82667506567877
2016-02-01,2.1073370197529293,0.4278270755458752,2.7604870042081724
2016-03-01,1.5042453435672185,1.1686185979783104,23.295634204057773
2016-04-01,1.0189649342959992,-1.2456479293556957,-45.343374455614786
2016-05-01,0.38469300323810635,-2.8862619443759656,-14.519858578906032
2016-06-01,-0.10309931621506861,5.35091639999235,35.53274425099846
2016-07-01,-0.3979487969047511,-3.2142479343947583,-29.19164349589697
2016-08-01,-0.467450800075746,1.4308932697246037,43.801869489394385
2016-09-01,-0.4870942203983176,-0.2597222194603525,57.63165545100004
2016-10-01,-0.569183340729411,-0.239121900276072,4.404171756642173
2016-11-01,-0.5456019136126762,0.39616223799805034,34.77884349096955
2016-12-01,-0.410075154471146,-0.9642164867807489,1.4091011800380944
2017-01-01,-0.2569094714732275,-0.23748015288738814,30.20233899512425
2017-02-01,0.11280502095998027,-1.1238152416703027,5.962851815845503
2017-03-01,0.1671639817649836,0.510624365409674,-26.3688570339145
2017-04-01,0.2792697578652864,-0.12697547616539767,8.65905924520623
2017-05-01,0.4307362151096366,-0.31664702754250273,-34.987626547440804
2017-06-01,0.3766891837224692,0.10437541804255553,-9.237006373743792
2017-07-01,0.29532936057873366,1.1831603234295474,11.161167379953632
2017-08-01,-0.15088684980616093,-0.3137802426811495,-16.050622082182016
2017-09-01,-0.414203947994741,2.076029069314113,12.498573321979627
2017-10-01,-0.518387697354779,1.317800887882917,4.170702961293139
2017-11-01,-0.8902103977079178,0.35543803120544115,14.447318873879011
2017-12-01,-0.9154917901875447,0.8272275470979936,21.312788448799747
2018-01-01,-0.6508929625247772,1.081447381236659,-0.9076401623347135
2018-02-01,-0.6327797837975143,0.13520479179509823,24.041886761400406
2018-03-01,-0.7187136682018498,0.29893420254154146,4.028565111600685
2018-04-01,-0.4953021113948459,-1.599975027343991,-5.668376176686792
2018-05-01,-0.18439759584195925,0.5234324853676586,8.041580670140114
2018-06-01,0.08183316736802679,3.554511464823115,24.83694101451087
2018-07-01,0.1967854502606268,0.29412523902798776,-3.2803303370375163
2018-08-01,0.12568027990891656,1.9066905204691087,35.53071233066367
2018-09-01,0.2184301860839172,-2.652123711904905,10.32787844047704
2018-10-01,0.6564487823230729,0.464227459877482,-6.012965063454528
2018-11-01,0.6942404378898148,-1.8889224187834965,0.589665165693749
2018-12-01,0.7383205195485018,0.4075521125145368,-5.518042731449558
2019-01-01,0.6290754486879608,1.5315522773241563,1.288931701851936
2019-02-01,0.6678183987325155,0.20912672092472054,30.171890768430412
2019-03-01,0.8710891170604865,2.511309116806646,23.73404522934618
2019-04-01,0.6748251641892383,0.7851949356669913,35.56401829884839
2019-05-01,0.6836517609642789,-0.1405601592591924,0.7152856389864483
2019-06-01,0.47795407450597127,0.4573667510184425,-21.80112072145894
2019-07-01,0.29405886760668976,0.8848377117681674,23.294375850476953
2019-08-01,-0.0843376983064598,2.2085084114660916,43.10767725114898
2019-09-01,-0.19254794364500646,2.6974349536513857,17.930798921788497
2019-10-01,0.36666748844017494,-0.20729391811258527,-14.016793328025603
2019-11-01,0.36564575228975493,-0.7685872346992229,25.88105731444753
2019-12-01,0.3673762508499699,0.9608338145769247,28.913243231586087
2020-01-01,0.5401728292083756,1.877573693741311,32.65806576202565
2020-02-01,0.4165668348734013,1.6343748239906373,11.157710512342444
2020-03-01,0.4119677910739655,-1.2023068688850662,15.95019137609212
2020-04-01,0.3539661165960396,-1.1871129673218501,12.01027193188085
2020-05-01,-0.2986741131877387,3.1508885000840454,67.75298771592516
2020-06-01,-0.48241887781466253,-1.9412246979799117,-34.03140266031817
2020-07-01,-0.3200920970570852,-0.9112844687076984,-19.17336779435337
2020-08-01,-0.6858491601236658,4.178986819260964,7.64784743385426
2020-09-01,-0.956992742876969,2.129591713627919,25.490941023248695
2020-10-01,-1.3842789399565911,2.7842846299856054,34.18635163681206
2020-11-01,-1.47027997742806,1.695528269153996,20.950248005467618
2020-12-01,-1.149325169353738,1.64863379946672,22.55153646949692
