date,P_local_mm_anomaly,P_local_mm_z,P_local_mm_reference_years,P_IMERG_mm_anomaly,P_IMERG_mm_z,P_IMERG_mm_reference_years,Caudal_m3s_anomaly,Caudal_m3s_z,Caudal_m3s_reference_years,Q_lamina_mm_anomaly,Q_lamina_mm_z,Q_lamina_mm_reference_years,Temp_C_anomaly,Temp_C_z,Temp_C_reference_years
1980-01-01,-5.646269,-0.533830,20,,,20,100.590845,1.024930,20,55.676773,1.024930,20,-1.305329,-1.822180,20
1980-02-01,15.261769,1.273488,20,,,20,32.935806,0.516673,20,18.997382,0.599641,20,-1.951311,-2.131666,20
1980-03-01,-10.724866,-0.752743,20,,,20,25.822449,0.738450,19,14.292658,0.738450,19,1.736170,1.609832,20
1980-04-01,250.594882,3.055123,19,,,19,51.136253,2.483748,18,27.390758,2.483748,18,-3.546941,-2.164079,19
1980-05-01,169.019867,1.603178,19,,,19,58.051081,3.861293,18,32.131123,3.861292,18,-1.036054,-0.568211,19
1980-06-01,-6.934506,-0.049277,20,,,20,37.721134,2.002321,19,20.205048,2.002321,19,0.229069,0.209343,20
1980-07-01,48.417425,0.379799,20,,,20,37.309041,1.772316,19,20.650457,1.772316,19,-0.344133,-0.293584,20
1980-08-01,-99.543072,-0.914670,20,,,20,25.812593,1.087835,19,14.287204,1.087835,19,0.594405,0.476530,20
1980-09-01,16.185383,0.256372,20,,,20,22.728341,1.097457,19,12.174269,1.097457,19,0.637195,0.466189,20
1980-10-01,-23.229620,-0.640152,20,,,20,21.870780,0.644041,18,12.105420,0.644041,18,-0.751199,-0.709041,20
1980-11-01,-6.060937,-0.255354,20,,,20,30.649793,0.519764,19,16.417337,0.519764,19,-1.294645,-1.230399,20
1980-12-01,1.499634,0.087561,20,,,20,159.548173,1.542529,19,88.309501,1.542529,19,-1.105831,-1.047296,20
1981-01-01,-7.738731,-0.731663,20,,,20,73.125585,0.745084,20,40.474822,0.745084,20,-2.960045,-4.132088,20
1981-02-01,2.678726,0.223521,20,,,20,72.646397,1.139624,20,35.870125,1.132219,20,0.182118,0.198951,20
1981-03-01,-7.099891,-0.498318,20,,,20,37.370836,1.068702,19,20.684661,1.068702,19,-0.543916,-0.504336,20
1981-04-01,-12.562878,-0.153160,19,,,19,3.982920,0.193455,18,2.133422,0.193455,18,-0.015741,-0.009604,19
1981-05-01,217.740754,2.065303,19,,,19,15.076888,1.002846,18,8.345018,1.002846,18,-0.897880,-0.492431,19
1981-06-01,-126.544443,-0.899224,20,,,20,5.177800,0.274849,19,2.773450,0.274849,19,-0.518578,-0.473921,20
1981-07-01,-54.353222,-0.426361,20,,,20,-3.594185,-0.170737,19,-1.989372,-0.170737,19,0.501954,0.428223,20
1981-08-01,8.746480,0.080369,20,,,20,-8.803536,-0.371012,19,-4.872734,-0.371012,19,0.852529,0.683466,20
1981-09-01,-6.936485,-0.109872,20,,,20,-14.457521,-0.698094,19,-7.744065,-0.698094,19,-0.395004,-0.288995,20
1981-10-01,-30.244221,-0.833457,20,,,20,-16.932446,-0.498619,18,-9.372065,-0.498619,18,-1.175554,-1.109581,20
1981-11-01,-14.272094,-0.601300,20,,,20,-14.023540,-0.237813,19,-7.511607,-0.237813,19,-0.214447,-0.203805,20
1981-12-01,-10.418449,-0.608315,20,,,20,-48.252902,-0.466514,19,-26.707857,-0.466514,19,-0.526605,-0.498730,20
1982-01-01,-12.502246,-1.182032,20,,,20,-38.409155,-0.391355,20,-21.259368,-0.391355,20,-0.907286,-1.266530,20
1982-02-01,-10.868194,-0.906875,20,,,20,-22.635746,-0.355093,20,-11.764576,-0.371342,20,-1.381755,-1.509467,20
1982-03-01,18.265758,1.282014,20,,,20,-21.138842,-0.604512,19,-11.700294,-0.604512,19,-1.539519,-1.427491,20
1982-04-01,-30.837587,-0.375956,19,,,19,-13.467080,-0.654112,18,-7.213543,-0.654112,18,1.166106,0.711471,19
1982-05-01,129.919377,1.232304,19,,,19,-9.258596,-0.615839,18,-5.124609,-0.615840,18,0.112617,0.061764,19
1982-06-01,536.957277,3.815613,20,,,20,43.084467,2.287019,19,23.077878,2.287019,19,-0.597506,-0.546052,20
1982-07-01,232.982073,1.827572,20,,,20,83.770332,3.979398,19,46.366662,3.979398,19,0.541854,0.462262,20
1982-08-01,120.470548,1.106966,20,,,20,38.770658,1.633934,19,21.459459,1.633934,19,2.056009,1.648287,20
1982-09-01,238.035612,3.770424,20,,,20,75.251674,3.633591,19,40.308007,3.633591,19,1.228287,0.898647,20
1982-10-01,57.786486,1.592455,20,,,20,60.060872,1.768647,18,33.243537,1.768647,18,-1.278755,-1.206990,20
1982-11-01,-12.244587,-0.515879,20,,,20,110.616460,1.875851,19,59.250894,1.875851,19,-2.019439,-1.919226,20
1982-12-01,-1.397952,-0.081624,20,,,20,348.032044,3.364812,19,192.634836,3.364812,19,-0.038336,-0.036306,20
1983-01-01,11.874455,1.122677,20,,,20,414.848910,4.226937,20,229.617799,4.226937,20,-1.986040,-2.772421,20
1983-02-01,2.664754,0.222355,20,,,20,321.182111,5.038474,20,160.121367,5.054137,20,-1.846281,-2.016928,20
1983-03-01,-7.654043,-0.537212,20,,,20,166.080513,4.749442,19,91.925134,4.749442,19,-0.915954,-0.849302,20
1983-04-01,1.378551,0.016807,19,,,19,88.119587,4.280072,18,47.200609,4.280072,18,-1.103137,-0.673052,19
1983-05-01,-33.051386,-0.313497,19,,,19,40.754307,2.710790,18,22.557404,2.710790,18,-2.842578,-1.558977,19
1983-06-01,-11.427273,-0.081202,20,,,20,17.917800,0.951116,19,9.597538,0.951116,19,-2.960150,-2.705237,20
1983-07-01,102.116181,0.801026,20,,,20,31.731622,1.507368,19,17.563370,1.507368,19,-1.023264,-0.872960,20
1983-08-01,-10.104951,-0.092851,20,,,20,26.673883,1.124132,19,14.763926,1.124133,19,-0.683165,-0.547688,20
1983-09-01,-17.977130,-0.284753,20,,,20,5.301674,0.255996,19,2.839803,0.255996,19,-2.341623,-1.713191,20
1983-10-01,-25.264348,-0.696224,20,,,20,51.899812,1.528324,18,28.726412,1.528324,18,1.000906,0.944734,20
1983-11-01,-24.698398,-1.040573,20,,,20,100.916460,1.711357,19,54.055161,1.711357,19,1.141250,1.084616,20
1983-12-01,-13.793506,-0.805379,20,,,20,105.032044,1.015461,19,58.134964,1.015461,19,0.926567,0.877522,20
1984-01-01,-0.856206,-0.080950,20,,,20,62.461813,0.636430,20,34.572452,0.636430,20,-0.810980,-1.132091,20
1984-02-01,-11.863470,-0.989924,20,,,20,51.522013,0.808240,20,28.621095,0.903408,20,-0.572126,-0.625006,20
1984-03-01,25.765985,1.808430,20,,,20,12.103094,0.346115,19,6.699031,0.346115,19,-0.916254,-0.849580,20
1984-04-01,-0.985922,-0.012020,19,,,19,-4.803747,-0.233324,18,-2.573092,-0.233324,18,-1.200403,-0.732397,19
1984-05-01,88.292426,0.837467,19,,,19,-2.123112,-0.141220,18,-1.175137,-0.141220,18,-3.188213,-1.748537,19
1984-06-01,-10.844043,-0.077058,20,,,20,-16.655533,-0.884113,19,-8.921414,-0.884112,19,-2.728889,-2.493891,20
1984-07-01,384.524097,3.016307,20,,,20,4.502590,0.213890,19,2.492171,0.213889,19,0.714392,0.609457,20
1984-08-01,-43.188945,-0.396849,20,,,20,-0.997084,-0.042021,19,-0.551883,-0.042021,19,-1.484544,-1.190147,20
1984-09-01,81.763118,1.295107,20,,,20,2.938341,0.141880,19,1.573901,0.141880,19,-0.521854,-0.381801,20
1984-10-01,22.076965,0.608388,20,,,20,50.174005,1.477503,18,27.771182,1.477503,18,0.270519,0.255337,20
1984-11-01,10.948329,0.461266,20,,,20,44.216460,0.749829,19,23.684222,0.749829,19,-0.988490,-0.939437,20
1984-12-01,-13.659077,-0.797530,20,,,20,121.870754,1.178260,19,67.455146,1.178260,19,-1.594737,-1.510323,20
1985-01-01,4.454787,0.421181,20,,,20,111.752135,1.138654,20,61.854518,1.138654,20,-2.003582,-2.796909,20
1985-02-01,-11.529116,-0.962024,20,,,20,46.997587,0.737264,20,23.047435,0.727479,20,-0.370262,-0.404484,20
1985-03-01,4.484417,0.314746,20,,,20,51.080513,1.460761,19,28.272932,1.460761,19,-0.927903,-0.860381,20
1985-04-01,-22.869876,-0.278818,19,,,19,14.846253,0.721100,18,7.952286,0.721100,18,-0.981615,-0.598908,19
1985-05-01,-41.888122,-0.397315,19,,,19,17.731726,1.179433,18,9.814465,1.179433,18,0.773738,0.424347,19
1985-06-01,-109.615092,-0.778924,20,,,20,4.791134,0.254324,19,2.566335,0.254324,19,2.573472,2.351858,20
1985-07-01,3.543336,0.027795,20,,,20,-6.903862,-0.327959,19,-3.821270,-0.327959,19,-0.113860,-0.097136,20
1985-08-01,-108.229576,-0.994487,20,,,20,-15.174504,-0.639508,19,-8.399048,-0.639508,19,-0.413321,-0.331356,20
1985-09-01,32.062490,0.507862,20,,,20,-9.028326,-0.435940,19,-4.835956,-0.435940,19,0.374366,0.273896,20
1985-10-01,69.208282,1.907212,20,,,20,-14.119543,-0.415786,18,-7.815131,-0.415786,18,-0.864728,-0.816199,20
1985-11-01,-5.079345,-0.213999,20,,,20,1.443127,0.024473,19,0.773000,0.024473,19,0.330706,0.314295,20
1985-12-01,-11.944019,-0.697390,20,,,20,-17.613117,-0.170286,19,-9.748816,-0.170286,19,0.002206,0.002090,20
1986-01-01,-10.860104,-1.026775,20,,,20,38.881168,0.396164,20,21.520626,0.396164,20,-0.564379,-0.787847,20
1986-02-01,3.789276,0.316189,20,,,20,49.574968,0.777696,20,24.335953,0.768150,20,-0.700199,-0.764917,20
1986-03-01,-9.667477,-0.678529,20,,,20,46.209545,1.321465,19,25.576864,1.321465,19,-0.651466,-0.604060,20
1986-04-01,27.599029,0.336473,19,,,19,38.852920,1.887132,18,20.811281,1.887132,18,-1.368719,-0.835090,19
1986-05-01,199.552509,1.892785,19,,,19,38.089791,2.533559,18,21.082601,2.533559,18,-1.078237,-0.591346,19
1986-06-01,298.156254,2.118695,20,,,20,,,19,,,19,0.183033,0.167271,20
1986-07-01,-110.783253,-0.869013,20,,,20,29.715723,1.411606,19,16.447576,1.411606,19,3.643620,3.108418,20
1986-08-01,62.844296,0.577456,20,,,20,5.509367,0.232184,19,3.049421,0.232184,19,0.533705,0.427867,20
1986-09-01,-37.287600,-0.590626,20,,,20,14.785008,0.713907,19,7.919481,0.713907,19,-0.108767,-0.079576,20
1986-10-01,10.159765,0.279978,20,,,20,27.274005,0.803153,18,15.096091,0.803153,18,0.541993,0.511576,20
1986-11-01,-1.298307,-0.054699,20,,,20,13.783127,0.233736,19,7.382830,0.233736,19,-0.839829,-0.798153,20
1986-12-01,-10.990294,-0.641704,20,,,20,118.096560,1.141770,19,65.366140,1.141770,19,0.456469,0.432307,20
1987-01-01,-12.054728,-1.139721,20,,,20,173.461813,1.767420,20,96.010665,1.767420,20,-0.728866,-1.017464,20
1987-02-01,1.369490,0.114274,20,,,20,137.594810,2.158489,20,68.339990,2.157111,20,0.681853,0.744876,20
1987-03-01,12.115690,0.850361,20,,,20,67.502258,1.930377,19,37.362325,1.930377,19,-0.072988,-0.067677,20
1987-04-01,-18.480601,-0.225306,19,,,19,23.780920,1.155067,18,12.738075,1.155067,18,0.229171,0.139823,19
1987-05-01,-20.774415,-0.197048,19,,,19,9.805920,0.652245,18,5.427551,0.652245,18,-3.066073,-1.681550,19
1987-06-01,-77.528607,-0.550918,20,,,20,8.164467,0.433388,19,4.373236,0.433388,19,1.757874,1.606495,20
1987-07-01,485.708300,3.810023,20,,,20,68.501438,3.254069,19,37.915368,3.254069,19,-0.681849,-0.581694,20
1987-08-01,290.150622,2.666102,20,,,20,69.119045,2.912923,19,38.257213,2.912923,19,-0.499530,-0.400469,20
1987-09-01,9.282306,0.147029,20,,,20,53.481674,2.582408,19,28.647066,2.582408,19,-0.840307,-0.614790,20
1987-10-01,31.206001,0.859962,20,,,20,60.015941,1.767324,18,33.218668,1.767324,18,-0.570660,-0.538634,20
1987-11-01,-24.013391,-1.011713,20,,,20,,,19,,,19,0.926783,0.880792,20
1987-12-01,1.913326,0.111716,20,,,20,,,19,,,19,-1.204577,-1.140816,20
1988-01-01,-12.509131,-1.182683,20,,,20,,,20,,,20,-2.291576,-3.198936,20
1988-02-01,-9.384014,-0.783031,20,,,20,,,20,,,20,-0.468297,-0.511580,20
1988-03-01,-4.708068,-0.330444,20,,,20,,,19,,,19,0.339341,0.314648,20
1988-04-01,-29.566441,-0.360459,19,,,19,,,18,,,18,-0.096584,-0.058928,19
1988-05-01,-97.292249,-0.922831,19,,,19,,,18,,,18,-0.606446,-0.332598,19
1988-06-01,-138.128069,-0.981537,20,,,20,-1.418866,-0.075317,19,-0.760006,-0.075317,19,-0.299039,-0.273287,20
1988-07-01,-2.562819,-0.020103,20,,,20,-10.865152,-0.516135,19,-6.013834,-0.516135,19,-0.378337,-0.322764,20
1988-08-01,52.772666,0.484911,20,,,20,-8.471278,-0.357010,19,-4.688830,-0.357010,19,-1.496551,-1.199773,20
1988-09-01,-46.698640,-0.739695,20,,,20,-12.421659,-0.599790,19,-6.653570,-0.599790,19,-1.897320,-1.388128,20
1988-10-01,-26.984881,-0.743638,20,,,20,-3.555027,-0.104687,18,-1.967698,-0.104687,18,-0.714652,-0.674545,20
1988-11-01,-6.169181,-0.259915,20,,,20,-7.173540,-0.121650,19,-3.842454,-0.121650,19,0.949039,0.901944,20
1988-12-01,-6.981893,-0.407661,20,,,20,-55.013117,-0.531873,19,-30.449619,-0.531873,19,-0.009393,-0.008895,20
1989-01-01,1.199371,0.113395,20,,,20,-32.925284,-0.335479,20,-18.224059,-0.335479,20,-0.120776,-0.168598,20
1989-02-01,-12.192975,-1.017419,20,,,20,14.324968,0.224720,20,6.713310,0.211902,20,0.981066,1.071744,20
1989-03-01,-10.425496,-0.731731,20,,,20,3.325674,0.095105,19,1.840752,0.095105,19,-0.693870,-0.643378,20
1989-04-01,-16.117225,-0.196493,19,,,19,-4.713747,-0.228952,18,-2.524884,-0.228952,18,1.270433,0.775124,19
1989-05-01,-74.260483,-0.704372,19,,,19,-6.306983,-0.419512,18,-3.490899,-0.419512,18,-0.055076,-0.030206,19
1989-06-01,-101.305607,-0.719877,20,,,20,-20.528866,-1.089718,19,-10.996137,-1.089718,19,1.374504,1.256139,20
1989-07-01,37.404189,0.293408,20,,,20,-22.916765,-1.088630,19,-12.684371,-1.088630,19,0.616596,0.526026,20
1989-08-01,186.157931,1.710546,20,,,20,7.451303,0.314024,19,4.124277,0.314024,19,-0.207546,-0.166388,20
1989-09-01,25.967993,0.411326,20,,,20,13.471674,0.650491,19,7.216003,0.650491,19,-0.946371,-0.692389,20
1989-10-01,-26.232723,-0.722910,20,,,20,26.925618,0.792894,18,14.903260,0.792894,18,1.181593,1.115281,20
1989-11-01,-21.325836,-0.898483,20,,,20,78.449793,1.330364,19,42.021056,1.330364,19,1.143192,1.086462,20
1989-12-01,-2.572568,-0.150208,20,,,20,33.903012,0.327778,19,18.765229,0.327778,19,-0.200380,-0.189773,20
1990-01-01,-0.563354,-0.053263,20,,,20,-7.634961,-0.077793,20,-4.225931,-0.077793,20,-0.606907,-0.847214,20
1990-02-01,-6.367117,-0.531291,20,,,20,-11.382175,-0.178555,20,-6.138543,-0.193759,20,-0.597260,-0.652463,20
1990-03-01,44.580648,3.128970,20,,,20,-9.148519,-0.261622,19,-5.063682,-0.261622,19,-1.579757,-1.464801,20
1990-04-01,-17.900205,-0.218230,19,,,19,-9.820413,-0.476989,18,-5.260233,-0.476989,18,-3.230494,-1.971007,19
1990-05-01,-69.000888,-0.654484,19,,,19,-0.342467,-0.022779,18,-0.189555,-0.022779,18,-1.193972,-0.654819,19
1990-06-01,-117.142047,-0.832410,20,,,20,-10.445533,-0.554472,19,-5.595073,-0.554472,19,2.247491,2.053949,20
1990-07-01,-75.165566,-0.589618,20,,,20,-9.236120,-0.438750,19,-5.112169,-0.438750,19,-0.174156,-0.148575,20
1990-08-01,-5.310457,-0.048796,20,,,20,-8.929342,-0.376314,19,-4.942368,-0.376314,19,2.095492,1.679940,20
1990-09-01,52.965245,0.838956,20,,,20,-12.124992,-0.585466,19,-6.494663,-0.585466,19,-0.093937,-0.068726,20
1990-10-01,-12.367045,-0.340806,20,,,20,-16.925995,-0.498430,18,-9.368494,-0.498429,18,0.092050,0.086884,20
1990-11-01,-10.270057,-0.432690,20,,,20,,,19,,,19,0.866584,0.823580,20
1990-12-01,21.957645,1.282069,20,,,20,-56.051827,-0.541915,19,-31.024542,-0.541915,19,0.814762,0.771635,20
1991-01-01,-3.665473,-0.346554,20,,,20,-48.599477,-0.495185,20,-26.899685,-0.495185,20,-1.219011,-1.701684,20
1991-02-01,-9.203609,-0.767977,20,,,20,-24.214317,-0.379857,20,-12.553756,-0.396252,20,0.004443,0.004854,20
1991-03-01,-10.417211,-0.731150,20,,,20,-16.580777,-0.474164,19,-9.177418,-0.474164,19,0.630561,0.584676,20
1991-04-01,53.428101,0.651368,19,,,19,-9.490413,-0.460961,18,-5.083470,-0.460961,18,-1.176932,-0.718076,19
1991-05-01,195.440938,1.853786,19,,,19,57.440514,3.820680,18,31.793176,3.820680,18,0.042520,0.023320,19
1991-06-01,-13.743767,-0.097663,20,,,20,17.986005,0.954737,19,9.634071,0.954737,19,0.005950,0.005438,20
1991-07-01,158.648063,1.244477,20,,,20,43.738074,2.077719,19,24.208910,2.077719,19,-0.314103,-0.267965,20
1991-08-01,-110.283896,-1.013364,20,,,20,16.628722,0.700794,19,9.203955,0.700794,19,0.169999,0.136287,20
1991-09-01,87.810037,1.390889,20,,,20,32.888341,1.588042,19,17.616398,1.588042,19,1.698317,1.242532,20
1991-10-01,0.325109,0.008959,20,,,20,29.957876,0.882187,18,16.581607,0.882187,18,-1.128764,-1.065417,20
1991-11-01,-7.497928,-0.315897,20,,,20,66.849793,1.133649,19,35.807601,1.133649,19,0.361517,0.343577,20
1991-12-01,57.500185,3.357335,20,,,20,24.870754,0.240453,19,13.765897,0.240453,19,-1.819957,-1.723622,20
1992-01-01,-12.545981,-1.186167,20,,,20,98.687619,1.005538,20,54.623342,1.005538,20,0.227879,0.318109,20
1992-02-01,0.588711,0.049124,20,,,20,72.763392,1.141460,20,39.619624,1.250570,20,-1.140361,-1.245762,20
1992-03-01,-6.447294,-0.452514,20,,,20,63.403094,1.813153,19,35.093448,1.813153,19,0.218266,0.202383,20
1992-04-01,79.374054,0.967687,19,,,19,22.102920,1.073565,18,11.839267,1.073565,18,-2.510113,-1.531484,19
1992-05-01,171.656635,1.628188,19,,,19,20.938178,1.392712,18,11.589227,1.392712,18,-2.814766,-1.543724,19
1992-06-01,83.182314,0.591093,20,,,20,18.997800,1.008445,19,10.176032,1.008445,19,-1.071698,-0.979409,20
1992-07-01,-69.710652,-0.546829,20,,,20,12.238074,0.581353,19,6.773742,0.581353,19,-0.841838,-0.718183,20
1992-08-01,-29.973381,-0.275416,20,,,20,7.170658,0.302197,19,3.968941,0.302197,19,0.129366,0.103712,20
1992-09-01,2.436163,0.038588,20,,,20,11.765008,0.568083,19,6.301840,0.568083,19,0.803204,0.587645,20
1992-10-01,-24.579494,-0.677351,20,,,20,36.599812,1.077776,18,20.257901,1.077776,18,0.215052,0.202983,20
1992-11-01,4.684047,0.197344,20,,,20,50.116460,0.849883,19,26.844514,0.849883,19,0.176809,0.168035,20
1992-12-01,-12.356483,-0.721473,20,,,20,42.225592,0.408242,19,23.371756,0.408242,19,-0.365872,-0.346505,20
1993-01-01,3.516756,0.332494,20,,,20,78.976867,0.804703,20,43.713491,0.804703,20,0.068256,0.095282,20
1993-02-01,1.719834,0.143508,20,,,20,58.519254,0.918008,20,28.807498,0.909292,20,0.243218,0.265698,20
1993-03-01,-10.747665,-0.754343,20,,,20,22.112771,0.632364,19,12.239361,0.632364,19,1.036037,0.960647,20
1993-04-01,90.815212,1.107172,19,,,19,30.818305,1.496881,18,16.507598,1.496881,18,-1.289500,-0.786757,19
1993-05-01,171.283064,1.624645,19,,,19,,,18,,,18,-3.110844,-1.706105,19
1993-06-01,19.362301,0.137588,20,,,20,36.765208,1.951579,19,19.693013,1.951578,19,0.573239,0.523875,20
1993-07-01,-20.266695,-0.158977,20,,,20,26.196138,1.244413,19,14.499494,1.244413,19,-0.500633,-0.427096,20
1993-08-01,-87.289728,-0.802078,20,,,20,15.180335,0.639753,19,8.402276,0.639753,19,1.318995,1.057428,20
1993-09-01,-31.395766,-0.497301,20,,,20,9.631674,0.465074,19,5.159136,0.465074,19,-1.047766,-0.766572,20
1993-10-01,-5.856978,-0.161404,20,,,20,15.615941,0.459852,18,8.643383,0.459852,18,0.338095,0.319121,20
1993-11-01,-4.458719,-0.187851,20,,,20,-14.516873,-0.246179,19,-7.775857,-0.246179,19,-0.741677,-0.704872,20
1993-12-01,5.380026,0.314130,20,,,20,7.193334,0.069546,19,3.981491,0.069546,19,-0.006988,-0.006618,20
1994-01-01,-12.489737,-1.180850,20,,,20,41.687619,0.424759,20,23.073989,0.424759,20,-0.123286,-0.172102,20
1994-02-01,-4.252215,-0.354818,20,,,20,8.154639,0.127924,20,3.628558,0.114533,20,-1.290167,-1.409414,20
1994-03-01,-4.191276,-0.294172,20,,,20,1.055168,0.030175,19,0.584032,0.030175,19,0.474382,0.439862,20
1994-04-01,49.528600,0.603827,19,,,19,-3.023747,-0.146867,18,-1.619648,-0.146867,18,-0.611757,-0.373249,19
1994-05-01,-20.011413,-0.189811,19,,,19,1.589791,0.105746,18,0.879945,0.105746,18,0.287930,0.157912,19
1994-06-01,-72.412090,-0.514560,20,,,20,-0.818866,-0.043467,19,-0.438620,-0.043467,19,0.238718,0.218161,20
1994-07-01,154.580273,1.212568,20,,,20,17.434848,0.828219,19,9.650143,0.828219,19,-0.612568,-0.522590,20
1994-08-01,-101.955642,-0.936838,20,,,20,14.590012,0.614875,19,8.075534,0.614875,19,0.648904,0.520221,20
1994-09-01,4.571716,0.072415,20,,,20,13.131674,0.634074,19,7.033885,0.634074,19,2.248620,1.645148,20
1994-10-01,-11.259434,-0.310283,20,,,20,2.603038,0.076653,18,1.440775,0.076653,18,-0.721931,-0.681416,20
1994-11-01,-18.736414,-0.789387,20,,,20,15.216460,0.258043,19,8.150585,0.258043,19,0.588216,0.559026,20
1994-12-01,5.538106,0.323360,20,,,20,69.709463,0.673959,19,38.584007,0.673959,19,1.845952,1.748242,20
1995-01-01,2.064083,0.195150,20,,,20,6.171490,0.062882,20,3.415904,0.062882,20,-0.553156,-0.772180,20
1995-02-01,-1.229056,-0.102556,20,,,20,-6.175032,-0.096869,20,-3.535320,-0.111590,20,-1.442493,-1.575819,20
1995-03-01,-10.367860,-0.727686,20,,,20,2.822449,0.080714,19,1.562218,0.080714,19,-0.598621,-0.555060,20
1995-04-01,40.085615,0.488703,19,,,19,3.066253,0.148932,18,1.642416,0.148932,18,0.277006,0.169008,19
1995-05-01,-87.080232,-0.825969,19,,,19,1.186565,0.078925,18,0.656761,0.078925,18,1.091847,0.598810,19
1995-06-01,47.836393,0.339925,20,,,20,0.221134,0.011738,19,0.118448,0.011738,19,0.923467,0.843943,20
1995-07-01,31.786856,0.249344,20,,,20,-3.516765,-0.167059,19,-1.946521,-0.167059,19,-2.585103,-2.205384,20
1995-08-01,-31.741382,-0.291661,20,,,20,-3.858375,-0.162606,19,-2.135600,-0.162606,19,-2.077835,-1.665784,20
1995-09-01,-23.250767,-0.368286,20,,,20,8.998341,0.434493,19,4.819895,0.434493,19,0.442712,0.323900,20
1995-10-01,-16.579168,-0.456882,20,,,20,-4.864704,-0.143254,18,-2.692601,-0.143254,18,-0.510997,-0.482319,20
1995-11-01,-21.077462,-0.888018,20,,,20,22.116460,0.375054,19,11.846519,0.375054,19,1.117388,1.061938,20
1995-12-01,3.630078,0.211954,20,,,20,7.161076,0.069234,19,3.963637,0.069234,19,1.886363,1.786514,20
1996-01-01,-3.993926,-0.377608,20,,,20,-49.809155,-0.507511,20,-27.569238,-0.507511,20,-2.000212,-2.792205,20
1996-02-01,-11.926694,-0.995199,20,,,20,-22.329712,-0.350292,20,-9.618435,-0.303600,20,-0.994237,-1.086132,20
1996-03-01,-10.437703,-0.732588,20,,,20,1.825674,0.052209,19,1.010506,0.052209,19,-0.076401,-0.070841,20
1996-04-01,-4.961669,-0.060490,19,,,19,-3.060413,-0.148648,18,-1.639288,-0.148648,18,-2.144222,-1.308245,19
1996-05-01,-107.351702,-1.018247,19,,,19,-9.184403,-0.610905,18,-5.083543,-0.610904,18,1.599417,0.877181,19
1996-06-01,-121.310163,-0.862029,20,,,20,-18.222200,-0.967275,19,-9.760588,-0.967275,19,0.212899,0.194565,20
1996-07-01,-107.013894,-0.839445,20,,,20,-17.561926,-0.834256,19,-9.720481,-0.834256,19,1.861559,1.588119,20
1996-08-01,-17.549113,-0.161253,20,,,20,-22.622891,-0.953409,19,-12.521711,-0.953409,19,-0.230650,-0.184910,20
1996-09-01,-64.861227,-1.027385,20,,,20,-30.724992,-1.483582,19,-16.457617,-1.483582,19,0.530533,0.388152,20
1996-10-01,-21.718344,-0.598505,20,,,20,-48.361479,-1.424128,18,-26.767953,-1.424128,18,-0.001924,-0.001816,20
1996-11-01,-22.396634,-0.943597,20,,,20,-94.163540,-1.596840,19,-50.438009,-1.596840,19,1.634861,1.553732,20
1996-12-01,6.074678,0.354690,20,,,20,-132.684085,-1.282804,19,-73.440299,-1.282804,19,-0.387244,-0.366746,20
1997-01-01,-3.335930,-0.315397,20,,,20,-96.183348,-0.980022,20,-53.237235,-0.980022,20,-0.129896,-0.181329,20
1997-02-01,-4.863767,-0.405847,20,,,20,-58.078603,-0.911095,20,-29.483635,-0.930634,20,0.022852,0.024964,20
1997-03-01,0.594786,0.041746,20,,,20,-33.248519,-0.950816,19,-18.402970,-0.950816,19,0.585631,0.543016,20
1997-04-01,-25.279410,-0.308193,19,,,19,-28.963747,-1.406803,18,-15.514218,-1.406803,18,1.989353,1.213755,19
1997-05-01,45.528599,0.431845,19,,,19,-25.284403,-1.681803,18,-13.994851,-1.681803,18,2.111341,1.157940,19
1997-06-01,368.130084,2.615929,20,,,20,4.424467,0.234860,19,2.369933,0.234861,19,-2.064243,-1.886481,20
1997-07-01,-57.863727,-0.453898,20,,,20,2.244525,0.106623,19,1.242338,0.106623,19,1.470584,1.254573,20
1997-08-01,84.482557,0.776283,20,,,20,18.831948,0.793645,19,10.423435,0.793645,19,0.782500,0.627324,20
1997-09-01,180.254071,2.855179,20,,,20,50.361674,2.431756,19,26.975861,2.431756,19,-0.230978,-0.168989,20
1997-10-01,60.037073,1.654476,20,,,20,19.051425,0.561018,18,10.544914,0.561018,18,-3.210703,-3.030515,20
1997-11-01,0.408049,0.017192,20,,,20,62.549793,1.060729,19,33.504337,1.060729,19,-1.510117,-1.435179,20
1997-12-01,4.558229,0.266147,20,,,20,144.032044,1.392518,19,79.721363,1.392518,19,-0.694363,-0.657608,20
1998-01-01,-13.377951,-1.264826,20,,,20,235.816652,2.402760,20,130.523907,2.402760,20,0.438312,0.611864,20
1998-02-01,25.266634,2.108324,20,,,20,73.324968,1.150269,20,36.209366,1.142927,20,-1.366357,-1.492646,20
1998-03-01,0.225040,0.015795,20,,,20,41.209545,1.178479,19,22.809377,1.178479,19,-0.949307,-0.880228,20
1998-04-01,59.275634,0.722658,19,,,19,30.169587,1.465372,18,16.160117,1.465372,18,-3.365776,-2.053546,19
1998-05-01,-68.092884,-0.645871,19,,,19,13.215597,0.879041,18,7.314799,0.879041,18,-1.038327,-0.569458,19
1998-06-01,-126.736665,-0.900590,20,,,20,-0.588866,-0.031258,19,-0.315422,-0.031258,19,-0.031011,-0.028340,20
1998-07-01,-123.660733,-0.970027,20,,,20,-8.523217,-0.404884,19,-4.717579,-0.404884,19,1.627081,1.388083,20
1998-08-01,-116.867386,-1.073857,20,,,20,-16.474504,-0.694294,19,-9.118595,-0.694294,19,0.606564,0.486278,20
1998-09-01,-0.512716,-0.008121,20,,,20,-29.758326,-1.436906,19,-15.939829,-1.436906,19,-1.217431,-0.890704,20
1998-10-01,-39.748331,-1.095368,20,,,20,-34.393737,-1.012812,18,-19.036844,-1.012812,18,2.369491,2.236513,20
1998-11-01,-24.087328,-1.014828,20,,,20,-62.353540,-1.057401,19,-33.399216,-1.057401,19,0.852487,0.810183,20
1998-12-01,1.920394,0.112128,20,,,20,-85.622795,-0.827811,19,-47.391996,-0.827811,19,0.871928,0.825775,20
1999-01-01,9.993602,0.944851,20,,,20,-78.241413,-0.797210,20,-43.306420,-0.797210,20,-1.243418,-1.735755,20
1999-02-01,-10.795400,-0.900801,20,,,20,-44.471460,-0.697636,20,-22.680974,-0.715912,20,0.681771,0.744786,20
1999-03-01,6.573391,0.461365,20,,,20,-33.138842,-0.947679,19,-18.342263,-0.947679,19,-1.106773,-1.026235,20
1999-04-01,-29.403659,-0.358474,19,,,19,-30.593509,-1.485963,18,-16.387188,-1.485963,18,0.107006,0.065287,19
1999-05-01,-77.950485,-0.739372,19,,,19,-17.471499,-1.162124,18,-9.670430,-1.162124,18,2.694868,1.477968,19
1999-06-01,-52.216365,-0.371049,20,,,20,-22.938866,-1.217646,19,-12.287036,-1.217646,19,-0.028451,-0.026001,20
1999-07-01,-87.158244,-0.683692,20,,,20,-21.155475,-1.004963,19,-11.709501,-1.004963,19,-0.899568,-0.767433,20
1999-08-01,38.585912,0.354554,20,,,20,-20.500310,-0.863956,19,-11.346868,-0.863956,19,0.461822,0.370239,20
1999-09-01,126.852953,2.009319,20,,,20,-8.088326,-0.390552,19,-4.332452,-0.390552,19,-0.513663,-0.375809,20
1999-10-01,-11.519256,-0.317443,20,,,20,-8.584059,-0.252780,18,-4.751255,-0.252780,18,0.228077,0.215277,20
1999-11-01,-22.461651,-0.946336,20,,,20,-7.600207,-0.128885,19,-4.070995,-0.128885,19,0.117421,0.111594,20
1999-12-01,-4.294176,-0.250729,20,,,20,-46.580859,-0.450349,19,-25.782386,-0.450349,19,-0.278121,-0.263399,20
2000-01-01,-12.983197,-1.227504,20,,,20,-44.215606,-0.450517,20,-24.473224,-0.450517,20,-0.785120,-1.095992,20
2000-02-01,18.527055,1.545954,20,,,20,-33.777987,-0.529885,20,-15.546213,-0.490707,20,-1.719891,-1.878856,20
2000-03-01,-10.411432,-0.730744,20,,,20,-23.400132,-0.669179,19,-12.951913,-0.669179,19,-1.284784,-1.191293,20
2000-04-01,-21.802289,-0.265802,19,,,19,-17.217080,-0.836254,18,-9.222203,-0.836254,18,0.670483,0.409079,19
2000-05-01,-85.225325,-0.808375,19,,,19,-6.997306,-0.465429,18,-3.872991,-0.465429,18,-1.668135,-0.914868,19
2000-06-01,444.588184,3.159239,20,137.827560,1.902098,20,20.917800,1.110363,19,11.204466,1.110363,19,-1.892454,-1.729485,20
2000-07-01,-56.479735,-0.443042,20,-39.793495,-0.690699,20,17.938074,0.852124,19,9.928677,0.852124,19,-0.021338,-0.018204,20
2000-08-01,-83.196319,-0.764465,20,-69.882394,-1.108880,20,7.821714,0.329635,19,4.329299,0.329635,19,0.199050,0.159577,20
2000-09-01,121.244377,1.920480,20,66.682366,2.560057,20,4.465008,0.215597,19,2.391649,0.215597,19,-1.011693,-0.740180,20
2000-10-01,-35.418179,-0.976039,20,-9.664293,-0.410529,20,40.480457,1.192051,18,22.405828,1.192051,18,0.698935,0.659710,20
2000-11-01,48.651940,2.049764,20,15.958776,1.422691,20,38.649793,0.655429,19,20.702478,0.655429,19,-1.325591,-1.259810,20
2000-12-01,-12.709490,-0.742085,20,1.880895,0.137876,20,167.161076,1.616132,19,92.523223,1.616132,19,0.346659,0.328310,20
2001-01-01,-7.607540,-0.719259,20,-2.330460,-0.234630,20,121.816652,1.241202,20,67.425202,1.241202,20,-0.742851,-1.036986,20
2001-02-01,-12.274797,-1.024246,20,2.016007,0.194633,20,96.717825,1.517240,20,47.904230,1.512069,20,2.202322,2.405878,20
2001-03-01,14.316559,1.004832,20,29.451045,2.309336,20,34.335352,0.981896,19,19.004528,0.981896,19,-0.205224,-0.190290,20
2001-04-01,-8.310611,-0.101319,19,10.734867,0.243922,19,16.702920,0.811280,18,8.946796,0.811280,18,-1.217052,-0.742554,19
2001-05-01,80.139169,0.760132,19,0.227030,0.004519,19,14.228501,0.946415,18,7.875438,0.946415,18,-2.424710,-1.329803,19
2001-06-01,-127.965481,-0.909321,20,-58.872874,-0.812479,20,0.497800,0.026424,19,0.266643,0.026424,19,-0.142352,-0.130093,20
2001-07-01,335.081727,2.628469,20,172.707443,2.997697,20,21.676783,1.029727,19,11.998043,1.029727,19,-0.089126,-0.076035,20
2001-08-01,65.278797,0.599826,20,21.831546,0.346419,20,28.157754,1.186668,19,15.585244,1.186668,19,0.652429,0.523047,20
2001-09-01,-60.296111,-0.955075,20,9.348269,0.358897,20,14.598341,0.704893,19,7.819494,0.704893,19,-0.849742,-0.621693,20
2001-10-01,-25.405391,-0.700111,20,11.878335,0.504579,20,38.638521,1.137811,18,21.386322,1.137811,18,1.702395,1.606855,20
2001-11-01,-10.453065,-0.440400,20,-10.858035,-0.967971,20,34.316460,0.581944,19,18.381360,0.581944,19,-0.527006,-0.500854,20
2001-12-01,-8.317544,-0.485647,20,12.955448,0.949678,20,139.612689,1.349791,19,77.275262,1.349791,19,1.927085,1.825080,20
2002-01-01,-0.295861,-0.027972,20,8.160747,0.821620,20,37.397297,0.381045,20,20.699307,0.381045,20,-1.117188,-1.559543,20
2002-02-01,-11.875097,-0.990894,20,-1.810634,-0.174806,20,15.253540,0.239287,20,7.177534,0.226555,20,-0.190614,-0.208232,20
2002-03-01,1.231555,0.086439,20,-0.372500,-0.029209,20,10.748255,0.307370,19,5.949131,0.307370,19,-0.369280,-0.342408,20
2002-04-01,-25.763713,-0.314098,19,44.695699,1.015593,19,0.882920,0.042884,18,0.472929,0.042884,18,-1.814874,-1.107301,19
2002-05-01,171.181394,1.623681,19,131.497977,2.617329,19,3.668100,0.243985,18,2.030284,0.243985,18,-0.497302,-0.272739,19
2002-06-01,100.823475,0.716451,20,177.818584,2.453996,20,20.621134,1.094615,19,11.045558,1.094615,19,-0.033789,-0.030879,20
2002-07-01,21.950363,0.172184,20,-11.938721,-0.207221,20,6.896138,0.327592,19,3.816994,0.327592,19,-0.154456,-0.131769,20
2002-08-01,147.979501,1.359737,20,93.543167,1.484325,20,42.415819,1.787554,19,23.477046,1.787554,19,0.000227,0.000182,20
2002-09-01,18.234863,0.288836,20,28.385585,1.089774,20,39.611444,1.912672,19,21.217579,1.912672,19,-0.322839,-0.236197,20
2002-10-01,6.750196,0.186019,20,12.193166,0.517953,20,49.886909,1.469048,18,27.612275,1.469048,18,0.313629,0.296028,20
2002-11-01,-12.398934,-0.522382,20,0.631087,0.056260,20,97.149793,1.647481,19,52.037573,1.647481,19,-0.512375,-0.486949,20
2002-12-01,6.569535,0.383584,20,23.416453,1.716505,20,157.225592,1.520074,19,87.023958,1.520074,19,-0.549632,-0.520538,20
2003-01-01,24.946491,2.358581,20,7.030061,0.707784,20,193.655361,1.973174,20,107.187742,1.973174,20,-0.535299,-0.747253,20
2003-02-01,-10.303445,-0.859751,20,-9.855244,-0.951464,20,126.003540,1.976653,20,62.545130,1.974200,20,-0.381931,-0.417232,20
2003-03-01,-5.911597,-0.414916,20,-6.327004,-0.496118,20,86.919223,2.485649,19,48.109565,2.485649,19,1.040596,0.964874,20
2003-04-01,-43.882785,-0.534996,19,-15.283853,-0.347286,19,34.097748,1.656168,18,18.264208,1.656168,18,0.548346,0.334560,19
2003-05-01,2.576848,0.024442,19,-8.682653,-0.172819,19,13.586565,0.903716,18,7.520129,0.903716,18,1.895080,1.039334,19
2003-06-01,-2.189761,-0.015560,20,17.480734,0.241244,20,12.484467,0.662703,19,6.687213,0.662703,19,1.644020,1.502446,20
2003-07-01,-41.519365,-0.325689,20,-23.647400,-0.410450,20,12.370332,0.587636,19,6.846946,0.587636,19,-0.077157,-0.065824,20
2003-08-01,-110.713187,-1.017308,20,-61.882498,-0.981940,20,-2.606762,-0.109858,19,-1.442836,-0.109858,19,1.084944,0.869791,20
2003-09-01,21.750772,0.344527,20,-19.886812,-0.763491,20,0.685008,0.033076,19,0.366919,0.033076,19,0.731363,0.535084,20
2003-10-01,-28.140227,-0.775476,20,-21.209918,-0.900975,20,10.809489,0.318313,18,5.983024,0.318313,18,1.856249,1.752075,20
2003-11-01,43.478913,1.831818,20,2.078845,0.185325,20,4.716460,0.079982,19,2.526337,0.079982,19,0.866230,0.823244,20
2003-12-01,-1.997384,-0.116624,20,-10.834174,-0.794181,20,-40.774408,-0.394211,19,-22.568530,-0.394211,19,-0.720753,-0.682601,20
2004-01-01,-8.165642,-0.772025,20,-4.709500,-0.474150,20,4.139232,0.042175,20,2.291054,0.042175,20,0.410296,0.572755,20
2004-02-01,5.174058,0.431739,20,-0.578682,-0.055868,20,-4.167643,-0.065379,20,-0.214335,-0.006765,20,-0.142799,-0.155997,20
2004-03-01,21.731413,1.525257,20,3.407798,0.267215,20,-2.300132,-0.065777,19,-1.273117,-0.065777,19,0.396806,0.367931,20
2004-04-01,30.168434,0.367798,19,16.039247,0.364450,19,-1.027080,-0.049887,18,-0.550148,-0.049886,18,-1.810213,-1.104457,19
2004-05-01,-97.472419,-0.924540,19,-15.835422,-0.315187,19,-6.045693,-0.402132,18,-3.346275,-0.402132,18,-0.736870,-0.404127,19
2004-06-01,-88.067790,-0.625809,20,-59.545502,-0.821761,20,-8.435533,-0.447777,19,-4.518432,-0.447777,19,0.724033,0.661683,20
2004-07-01,-46.100412,-0.361624,20,-12.146492,-0.210828,20,-7.278056,-0.345734,19,-4.028385,-0.345734,19,0.848322,0.723714,20
2004-08-01,-65.481586,-0.601689,20,-35.391376,-0.561584,20,-14.200310,-0.598452,19,-7.859835,-0.598452,19,-0.216952,-0.173929,20
2004-09-01,42.445239,0.672322,20,-1.158314,-0.044470,20,-4.958326,-0.239417,19,-2.655891,-0.239417,19,1.551402,1.135046,20
2004-10-01,13.104583,0.361131,20,6.101120,0.259169,20,-23.513091,-0.692404,18,-13.014435,-0.692404,18,-0.671151,-0.633485,20
2004-11-01,55.829120,2.352147,20,25.549861,2.277717,20,-42.080207,-0.713603,19,-22.539954,-0.713603,19,-1.001235,-0.951550,20
2004-12-01,-1.838024,-0.107319,20,-0.923054,-0.067663,20,-50.742150,-0.490581,19,-28.085649,-0.490581,19,-0.067447,-0.063876,20
2005-01-01,21.690608,2.050752,20,-0.567137,-0.057099,20,-41.134961,-0.419128,20,-22.768095,-0.419128,20,-0.770084,-1.075002,20
2005-02-01,-10.671559,-0.890467,20,1.573518,0.151914,20,-34.496460,-0.541156,20,-17.694141,-0.558505,20,0.592159,0.646891,20
2005-03-01,47.281409,3.318527,20,15.207722,1.192479,20,-18.777551,-0.536986,19,-10.393326,-0.536986,19,-1.194585,-1.107657,20
2005-04-01,-16.740946,-0.204097,19,-14.659544,-0.333100,19,-17.807080,-0.864911,18,-9.538232,-0.864911,18,-1.329439,-0.811125,19
2005-05-01,102.035986,0.967826,19,45.214840,0.899954,19,-8.339241,-0.554688,18,-4.615748,-0.554688,18,-2.889009,-1.584442,19
2005-06-01,275.093211,1.954810,20,85.721389,1.183003,20,34.247800,1.817949,19,18.344582,1.817949,19,0.989755,0.904523,20
2005-07-01,-53.863927,-0.422523,20,-12.744259,-0.221203,20,27.996138,1.329919,19,15.495790,1.329919,19,0.690531,0.589100,20
2005-08-01,297.759571,2.736018,20,111.170930,1.764039,20,54.402916,2.292733,19,30.111873,2.292733,19,0.831958,0.666974,20
2005-09-01,-21.175306,-0.335411,20,-10.378224,-0.398439,20,47.618341,2.299292,19,25.506415,2.299292,19,-1.988154,-1.454584,20
2005-10-01,-19.533843,-0.538305,20,-1.585473,-0.067349,20,54.661102,1.609637,18,30.254779,1.609637,18,-0.521053,-0.491811,20
2005-11-01,-0.017861,-0.000753,20,-8.598862,-0.766571,20,108.683127,1.843065,19,58.215319,1.843065,19,0.602523,0.572623,20
2005-12-01,-7.422087,-0.433363,20,-1.220462,-0.089464,20,202.257850,1.955451,19,111.949197,1.955451,19,0.547203,0.518239,20
2006-01-01,3.352367,0.316952,20,7.822101,0.787526,20,279.590845,2.848779,20,154.752810,2.848779,20,0.606838,0.847118,20
2006-02-01,5.430973,0.453177,20,-4.808896,-0.464270,20,172.182111,2.701069,20,85.631328,2.702902,20,0.426056,0.465436,20
2006-03-01,-10.166080,-0.713524,20,-10.107359,-0.792545,20,71.338578,2.040086,19,39.485718,2.040086,19,-0.624722,-0.579262,20
2006-04-01,-18.058563,-0.220161,19,-21.094886,-0.479326,19,36.756253,1.785294,18,19.688217,1.785294,18,1.170076,0.713893,19
2006-05-01,-66.673436,-0.632407,19,-33.052342,-0.657872,19,14.625275,0.972806,18,8.095052,0.972806,18,2.854817,1.565690,19
2006-06-01,-1.495932,-0.010630,20,-2.017693,-0.027845,20,3.747800,0.198941,19,2.007481,0.198941,19,0.895879,0.818731,20
2006-07-01,344.975402,2.706077,20,134.796602,2.339676,20,54.512267,2.589533,19,30.172398,2.589532,19,1.445941,1.233550,20
2006-08-01,14.219389,0.130657,20,19.423786,0.308213,20,18.586787,0.783313,19,10.287739,0.783313,19,0.291704,0.233857,20
2006-09-01,-4.503642,-0.071337,20,-17.891135,-0.686873,20,16.318341,0.787945,19,8.740800,0.787945,19,0.321073,0.234906,20
2006-10-01,78.003600,2.149590,20,15.850833,0.673327,20,43.986909,1.295308,18,24.346640,1.295308,18,0.128854,0.121623,20
2006-11-01,-19.022679,-0.801448,20,17.493437,1.559503,20,73.916460,1.253487,19,39.592809,1.253487,19,0.410805,0.390419,20
2006-12-01,-7.502656,-0.438067,20,5.554961,0.407197,20,61.096560,0.590688,19,33.816787,0.590688,19,0.229151,0.217022,20
2007-01-01,-12.633220,-1.194415,20,14.430251,1.452831,20,2.939232,0.029948,20,1.626857,0.029948,20,-0.234998,-0.328046,20
2007-02-01,17.911445,1.494585,20,-0.041827,-0.004038,20,4.413328,0.069233,20,1.758152,0.055495,20,-2.119401,-2.315292,20
2007-03-01,7.792439,0.546926,20,28.895742,2.265793,20,12.803094,0.366133,19,7.086479,0.366133,19,-0.849592,-0.787769,20
2007-04-01,-3.332371,-0.040627,19,-18.117375,-0.411670,19,-2.397080,-0.116429,18,-1.283979,-0.116429,18,-0.954189,-0.582175,19
2007-05-01,-78.672281,-0.746218,19,-23.923996,-0.476182,19,0.589791,0.039230,18,0.326448,0.039230,18,-1.828931,-1.003055,19
2007-06-01,29.162455,0.207228,20,36.677132,0.506165,20,-3.052200,-0.162018,19,-1.634889,-0.162018,19,-1.590915,-1.453913,20
2007-07-01,73.621355,0.577505,20,45.044983,0.781849,20,-0.655475,-0.031137,19,-0.362804,-0.031137,19,-1.485855,-1.267602,20
2007-08-01,-79.459973,-0.730132,20,6.143510,0.097484,20,-7.193859,-0.303175,19,-3.981782,-0.303175,19,-3.105769,-2.489871,20
2007-09-01,-68.771734,-1.089327,20,-21.601588,-0.829324,20,-7.637215,-0.368769,19,-4.090818,-0.368769,19,0.469908,0.343797,20
2007-10-01,-32.304144,-0.890224,20,-14.433483,-0.613119,20,,,18,,,18,0.136677,0.129007,20
2007-11-01,-13.693326,-0.576916,20,-15.940093,-1.421026,20,-24.173540,-0.409939,19,-12.948379,-0.409939,19,0.601874,0.572006,20
2007-12-01,4.425943,0.258423,20,-9.334888,-0.684279,20,-64.660948,-0.625149,19,-35.789668,-0.625149,19,-0.123950,-0.117389,20
2008-01-01,-8.362733,-0.790660,20,-0.491013,-0.049435,20,-52.828510,-0.538275,20,-29.240443,-0.538275,20,0.186138,0.259840,20
2008-02-01,5.383182,0.449189,20,0.520317,0.050233,20,-35.977987,-0.564397,20,-16.685347,-0.526663,20,-0.749825,-0.819129,20
2008-03-01,3.477753,0.244092,20,7.813353,0.612666,20,-24.713035,-0.706724,19,-13.678601,-0.706724,19,-0.750627,-0.696005,20
2008-04-01,-3.092689,-0.037704,19,-13.451388,-0.305648,19,-14.853747,-0.721464,18,-7.956301,-0.721464,18,-0.387511,-0.236430,19
2008-05-01,303.905064,2.882584,19,98.740851,1.965333,19,35.218823,2.342595,18,19.493528,2.342595,18,-1.052918,-0.577460,19
2008-06-01,-4.844658,-0.034426,20,28.113966,0.387989,20,31.544467,1.674450,19,16.896562,1.674450,19,-0.711136,-0.649896,20
2008-07-01,-55.268493,-0.433540,20,10.839014,0.188134,20,2.944525,0.139876,19,1.629787,0.139876,19,0.756318,0.645224,20
2008-08-01,129.347851,1.188536,20,31.015424,0.492147,20,18.825496,0.793373,19,10.419864,0.793374,19,-1.923972,-1.542433,20
2008-09-01,-55.180161,-0.874040,20,-1.048303,-0.040246,20,11.911674,0.575165,19,6.380401,0.575165,19,-0.360790,-0.263963,20
2008-10-01,-27.476786,-0.757194,20,-23.015646,-0.977681,20,21.074005,0.620578,18,11.664407,0.620578,18,-0.315669,-0.297953,20
2008-11-01,-24.865813,-1.047626,20,-6.328269,-0.564152,20,104.383127,1.770145,19,55.912055,1.770145,19,1.861938,1.769541,20
2008-12-01,-10.683173,-0.623772,20,0.659651,0.048355,20,93.548173,0.904434,19,51.778671,0.904434,19,0.901980,0.854236,20
2009-01-01,-0.209201,-0.019779,20,-0.408526,-0.041130,20,19.816652,0.201914,20,10.968465,0.201914,20,-0.246091,-0.343532,20
2009-02-01,5.096150,0.425238,20,-8.912297,-0.860428,20,11.110683,0.174296,20,5.106382,0.161180,20,-0.520363,-0.568459,20
2009-03-01,-3.739624,-0.262472,20,-9.167337,-0.718836,20,12.893416,0.368716,19,7.136472,0.368716,19,0.886744,0.822217,20
2009-04-01,-44.339800,-0.540568,19,-26.327127,-0.598215,19,7.356253,0.357302,18,3.940323,0.357302,18,3.723709,2.271930,19
2009-05-01,-49.492847,-0.469447,19,-35.931012,-0.715169,19,1.393017,0.092657,18,0.771031,0.092657,18,1.905776,1.045200,19
2009-06-01,6.879986,0.048889,20,-20.321439,-0.280447,20,-3.975533,-0.211030,19,-2.129465,-0.211030,19,0.379797,0.347091,20
2009-07-01,-90.750274,-0.711869,20,-16.287688,-0.282707,20,-4.493324,-0.213449,19,-2.487044,-0.213449,19,-1.076456,-0.918338,20
2009-08-01,73.125383,0.671926,20,48.613388,0.771388,20,2.593238,0.109288,19,1.435351,0.109288,19,0.123887,0.099319,20
2009-09-01,142.926362,2.263917,20,30.863696,1.184913,20,15.881674,0.766860,19,8.506902,0.766860,19,-2.173457,-1.590157,20
2009-10-01,-8.847013,-0.243802,20,-13.660582,-0.580287,20,-11.600188,-0.341597,18,-6.420674,-0.341597,18,-0.110566,-0.104361,20
2009-11-01,0.741335,0.031233,20,14.771960,1.316889,20,-24.206873,-0.410504,19,-12.966234,-0.410504,19,-1.239759,-1.178237,20
2009-12-01,-12.948852,-0.756061,20,10.148163,0.743894,20,9.483657,0.091689,19,5.249179,0.091689,19,-0.352019,-0.333385,20
2010-01-01,-9.978025,-0.943378,20,-7.381543,-0.743171,20,18.623103,0.189753,20,10.307839,0.189753,20,0.218332,0.304782,20
2010-02-01,-10.979754,-0.916184,20,-11.246135,-1.085746,20,15.253540,0.239287,20,7.177534,0.226555,20,-0.194124,-0.212066,20
2010-03-01,-10.747665,-0.754343,20,-7.196148,-0.564269,20,23.015997,0.658194,19,12.739295,0.658194,19,1.107978,1.027353,20
2010-04-01,-39.383303,-0.480141,19,-24.557353,-0.558002,19,9.022920,0.438254,18,4.833061,0.438254,18,0.148698,0.090724,19
2010-05-01,-63.506881,-0.602372,19,-11.283025,-0.224577,19,3.560759,0.236845,18,1.970871,0.236845,18,-0.045800,-0.025118,19
2010-06-01,-17.866319,-0.126958,20,-12.973263,-0.179038,20,-1.145533,-0.060807,19,-0.613597,-0.060807,19,-0.867513,-0.792807,20
2010-07-01,-74.784039,-0.586626,20,-20.129142,-0.349383,20,-8.207088,-0.389867,19,-4.542602,-0.389867,19,-3.223526,-2.750031,20
2010-08-01,-96.757451,-0.889073,20,-40.932949,-0.649516,20,-9.832568,-0.414379,19,-5.442301,-0.414379,19,-0.560772,-0.449566,20
2010-09-01,-63.789729,-1.010413,20,-19.676818,-0.755429,20,-13.684992,-0.660791,19,-7.330266,-0.660792,19,-1.197368,-0.876025,20
2010-10-01,-16.891109,-0.465478,20,-20.773205,-0.882424,20,-19.374382,-0.570529,18,-10.723670,-0.570529,18,0.278391,0.262767,20
2010-11-01,24.176375,1.018579,20,1.937601,0.172733,20,-46.063540,-0.781153,19,-24.673597,-0.781153,19,-0.435606,-0.413990,20
2010-12-01,12.019696,0.701809,20,2.646150,0.193972,20,-91.958279,-0.889063,19,-50.898670,-0.889063,19,-1.440295,-1.364056,20
2011-01-01,3.888249,0.367617,20,-4.634604,-0.466610,20,-85.089800,-0.866989,20,-47.096984,-0.866989,20,-0.959579,-1.339528,20
2011-02-01,9.756025,0.814072,20,13.439827,1.297534,20,-50.114317,-0.786157,20,-25.502025,-0.804956,20,-0.219603,-0.239900,20
2011-03-01,1.530550,0.107424,20,-5.638897,-0.442161,20,-29.064648,-0.831168,19,-16.087208,-0.831168,19,-0.997967,-0.925347,20
2011-04-01,-8.528557,-0.103976,19,-12.324578,-0.280044,19,-21.147080,-1.027139,18,-11.327278,-1.027139,18,-0.865681,-0.528174,19
2011-05-01,-108.671228,-1.030763,19,-66.112954,-1.315909,19,-16.706983,-1.111272,18,-9.247272,-1.111272,18,2.270866,1.245429,19
2011-06-01,-65.552600,-0.465816,20,-49.863813,-0.688149,20,-27.005533,-1.433513,19,-14.465316,-1.433513,19,-1.037612,-0.948258,20
2011-07-01,-57.694442,-0.452570,20,-28.293444,-0.491092,20,-25.487733,-1.210761,19,-14.107395,-1.210761,19,-1.888091,-1.610754,20
2011-08-01,28.215355,0.259262,20,8.169666,0.129635,20,-28.274504,-1.191588,19,-15.649864,-1.191588,19,-2.264166,-1.815164,20
2011-09-01,-49.029927,-0.776622,20,-33.109475,-1.271133,20,-23.481659,-1.133832,19,-12.577778,-1.133832,19,0.943375,0.690198,20
2011-10-01,-25.044734,-0.690172,20,-20.669907,-0.878036,20,-29.506640,-0.868899,18,-16.331849,-0.868899,18,0.013228,0.012486,20
2011-11-01,-9.728819,-0.409887,20,2.704731,0.241121,20,-58.993540,-1.000421,19,-31.599457,-1.000422,19,0.872053,0.828778,20
2011-12-01,-12.334514,-0.720191,20,-10.654253,-0.780993,20,-94.184085,-0.910582,19,-52.130648,-0.910582,19,1.396431,1.322515,20
2012-01-01,11.526121,1.089744,20,2.490761,0.250769,20,-96.260768,-0.980811,20,-53.280086,-0.980811,20,0.149437,0.208607,20
2012-02-01,-7.340412,-0.612506,20,-8.781805,-0.847830,20,-53.150401,-0.833785,20,-25.577015,-0.807323,20,-0.130499,-0.142560,20
2012-03-01,-8.805572,-0.618034,20,-12.830805,-1.006098,20,-21.403358,-0.612077,19,-11.846703,-0.612077,19,1.702211,1.578344,20
2012-04-01,-12.047060,-0.146872,19,-8.634730,-0.196202,19,-17.367080,-0.843540,18,-9.302549,-0.843540,18,-0.295493,-0.180288,19
2012-05-01,21.688157,0.205715,19,5.834449,0.116129,19,-5.510209,-0.366514,18,-3.049886,-0.366514,18,1.540118,0.844659,19
2012-06-01,56.993639,0.404996,20,59.241112,0.817561,20,-15.058866,-0.799358,19,-8.066172,-0.799358,19,0.715769,0.654131,20
2012-07-01,-95.507963,-0.749189,20,-34.521457,-0.599192,20,-16.184507,-0.768823,19,-8.958083,-0.768823,19,0.860504,0.734107,20
2012-08-01,-70.019130,-0.643384,20,-33.790897,-0.536187,20,-26.280955,-1.107573,19,-14.546441,-1.107573,19,-0.305423,-0.244855,20
2012-09-01,-64.529775,-1.022135,20,-6.686417,-0.256704,20,-20.871659,-1.007806,19,-11.179751,-1.007806,19,1.722395,1.260149,20
2012-10-01,25.572043,0.704704,20,10.876861,0.462038,20,-41.861479,-1.232719,18,-23.170220,-1.232719,18,-1.375464,-1.298272,20
2012-11-01,-12.853121,-0.541517,20,-13.016447,-1.160389,20,-16.246873,-0.275517,19,-8.702519,-0.275517,19,0.173104,0.164514,20
2012-12-01,61.446275,3.587741,20,37.308286,2.734823,20,-56.567956,-0.546905,19,-31.310218,-0.546905,19,-1.715446,-1.624643,20
2013-01-01,0.969289,0.091642,20,1.302843,0.131170,20,-32.893026,-0.335150,20,-18.206205,-0.335150,20,0.339814,0.474365,20
2013-02-01,9.212065,0.768683,20,-7.436982,-0.717996,20,-32.928603,-0.516560,20,-16.910317,-0.533764,20,-0.228516,-0.249637,20
2013-03-01,-10.133262,-0.711220,20,-4.700726,-0.368597,20,-25.371100,-0.725543,19,-14.042838,-0.725543,19,-1.355971,-1.257299,20
2013-04-01,-34.742124,-0.423558,19,-25.136635,-0.571165,19,-20.520413,-0.996701,18,-10.991609,-0.996701,18,0.798006,0.486884,19
2013-05-01,51.629187,0.489710,19,28.942402,0.576068,19,-14.526338,-0.966226,18,-8.040290,-0.966226,18,-1.010558,-0.554228,19
2013-06-01,-87.348192,-0.620695,20,-78.124813,-1.078166,20,-10.482200,-0.556418,19,-5.614714,-0.556418,19,0.513461,0.469245,20
2013-07-01,-94.692438,-0.742792,20,-45.679004,-0.792854,20,-12.081281,-0.573905,19,-6.686958,-0.573905,19,1.119244,0.954841,20
2013-08-01,-18.375581,-0.168847,20,-5.354209,-0.084960,20,-10.987407,-0.463048,19,-6.081501,-0.463048,19,0.197310,0.158182,20
2013-09-01,9.776966,0.154865,20,-13.237818,-0.508224,20,-11.931659,-0.576130,19,-6.391106,-0.576130,19,-1.421095,-1.039709,20
2013-10-01,-27.883492,-0.768401,20,-21.813406,-0.926611,20,-15.825995,-0.466037,18,-8.759647,-0.466037,18,0.279624,0.263931,20
2013-11-01,-15.590552,-0.656848,20,-2.353813,-0.209837,20,-34.270207,-0.581159,19,-18.356585,-0.581159,19,0.009182,0.008726,20
2013-12-01,-8.574956,-0.500677,20,-3.414162,-0.250270,20,-54.096988,-0.523016,19,-29.942544,-0.523016,19,1.626717,1.540611,20
2014-01-01,6.726640,0.635974,20,-9.745537,-0.981176,20,-53.260768,-0.542679,20,-29.479697,-0.542679,20,0.530099,0.739994,20
2014-02-01,25.840507,2.156210,20,30.515563,2.946093,20,-44.582175,-0.699373,20,-22.736323,-0.717659,20,-1.486785,-1.624205,20
2014-03-01,-4.817841,-0.338148,20,-9.766160,-0.765791,20,-23.506584,-0.672223,19,-13.010833,-0.672223,19,-1.838235,-1.704470,20
2014-04-01,-18.759190,-0.228702,19,-13.340899,-0.303137,19,-13.157794,-0.639090,18,-7.047876,-0.639090,18,0.032537,0.019852,19
2014-05-01,-16.487136,-0.156383,19,-28.730613,-0.571853,19,-9.094080,-0.604897,18,-5.033550,-0.604897,18,-1.393628,-0.764318,19
2014-06-01,-53.120920,-0.377477,20,7.345075,0.101366,20,-12.075533,-0.640996,19,-6.468171,-0.640996,19,-0.697871,-0.637774,20
2014-07-01,-29.338652,-0.230140,20,-38.567162,-0.669413,20,-14.200636,-0.674582,19,-7.860016,-0.674582,19,0.232757,0.198568,20
2014-08-01,-66.748307,-0.613329,20,-1.389601,-0.022050,20,-15.558375,-0.655685,19,-8.611520,-0.655685,19,1.275822,1.022817,20
2014-09-01,45.551405,0.721523,20,25.982980,0.997534,20,-22.114992,-1.067841,19,-11.845733,-1.067841,19,-1.118568,-0.818373,20
2014-10-01,-23.352872,-0.643549,20,-1.818940,-0.077267,20,-5.458253,-0.160732,18,-3.021129,-0.160732,18,1.932567,1.824109,20
2014-11-01,-4.349195,-0.183237,20,-7.894429,-0.703772,20,-33.940207,-0.575563,19,-18.179823,-0.575563,19,-0.028824,-0.027394,20
2014-12-01,1.753209,0.102367,20,-11.305963,-0.828765,20,-95.251827,-0.920905,19,-52.721641,-0.920905,19,-1.194128,-1.130920,20
2015-01-01,-12.324365,-1.165214,20,-11.561395,-1.163996,20,-83.002703,-0.845723,20,-45.941782,-0.845723,20,0.708749,0.989381,20
2015-02-01,-4.462979,-0.372404,20,7.803102,0.753342,20,-56.689317,-0.889301,20,-28.789085,-0.908710,20,0.010973,0.011988,20
2015-03-01,-0.408642,-0.028681,20,11.980384,0.939414,20,,,19,,,19,1.354357,1.255803,20
2015-04-01,-43.336923,-0.528341,19,-28.247447,-0.641850,19,,,18,,,18,2.113734,1.289643,19
2015-05-01,-110.204593,-1.045307,19,-62.771076,-1.249392,19,,,18,,,18,1.917756,1.051770,19
2015-06-01,-158.505256,-1.126337,20,-103.234708,-1.424697,20,,,19,,,19,2.614433,2.389292,20
2015-07-01,71.927179,0.564216,20,13.142939,0.228123,20,,,19,,,19,-0.107173,-0.091431,20
2015-08-01,122.211042,1.122958,20,144.234344,2.288683,20,,,19,,,19,-0.048534,-0.038909,20
2015-09-01,37.404947,0.592485,20,31.751139,1.218984,20,,,19,,,19,-1.006769,-0.736578,20
2015-10-01,87.301118,2.405807,20,80.069443,3.401266,20,,,18,,,18,-2.379302,-2.245773,20
2015-11-01,-1.605197,-0.067629,20,4.777648,0.425917,20,,,19,,,19,-2.229106,-2.118489,20
2015-12-01,-11.716604,-0.684112,20,-7.338599,-0.537944,20,,,19,,,19,-1.228287,-1.163270,20
2016-01-01,-0.868996,-0.082160,20,29.937964,3.014141,20,-8.763994,-0.089297,20,-4.850848,-0.089297,20,-0.875736,-1.222487,20
2016-02-01,-11.845190,-0.988398,20,-2.215506,-0.213894,20,-4.443505,-0.069707,20,-0.357173,-0.011274,20,0.735321,0.803285,20
2016-03-01,-10.564977,-0.741521,20,-0.901766,-0.070710,20,4.703094,0.134495,19,2.603150,0.134495,19,0.832980,0.772366,20
2016-04-01,327.841451,3.996873,19,160.514214,3.647267,19,41.582920,2.019731,18,22.273586,2.019731,18,-2.400617,-1.464678,19
2016-05-01,-8.173536,-0.077527,19,12.756383,0.253902,19,16.154307,1.074511,18,8.941367,1.074511,18,-1.388973,-0.761765,19
2016-06-01,-64.596690,-0.459023,20,-75.525808,-1.042299,20,15.174467,0.805494,19,8.128091,0.805494,19,-0.108955,-0.099572,20
2016-07-01,42.923852,0.336706,20,2.666407,0.046281,20,6.396138,0.303840,19,3.540246,0.303840,19,-0.081018,-0.069118,20
2016-08-01,-66.545171,-0.611462,20,-77.819279,-1.234821,20,5.964206,0.251353,19,3.301173,0.251353,19,1.717524,1.376926,20
2016-09-01,-66.041995,-1.046089,20,-36.401088,-1.397504,20,7.541674,0.364156,19,4.039642,0.364156,19,2.749162,2.011358,20
2016-10-01,24.964035,0.687948,20,11.184574,0.475109,20,-7.042124,-0.207373,18,-3.897797,-0.207373,18,0.044485,0.041988,20
2016-11-01,-16.437589,-0.692535,20,1.353010,0.120618,20,-8.850207,-0.150083,19,-4.740548,-0.150083,19,0.341839,0.324875,20
2016-12-01,16.790629,0.980376,20,5.369342,0.393591,20,-20.742150,-0.200537,19,-11.480727,-0.200537,19,-0.540734,-0.512111,20
2017-01-01,-11.642366,-1.100734,20,-11.771150,-1.185114,20,8.010200,0.081617,20,4.433625,0.081617,20,1.227175,1.713080,20
2017-02-01,19.660910,1.640566,20,16.931837,1.634667,20,14.896397,0.233684,20,6.998986,0.220919,20,-0.090156,-0.098489,20
2017-03-01,-3.692954,-0.259196,20,0.251321,0.019707,20,-8.145293,-0.232933,19,-4.508399,-0.232933,19,-0.576227,-0.534296,20
2017-04-01,18.748964,0.228578,19,34.286593,0.779073,19,-2.127080,-0.103315,18,-1.139355,-0.103315,18,-1.471461,-0.897776,19
2017-05-01,-14.233122,-0.135003,19,24.381628,0.485291,19,1.781893,0.118523,18,0.986273,0.118523,18,-2.102704,-1.153202,19
2017-06-01,-66.947825,-0.475731,20,-10.765360,-0.148568,20,-1.108866,-0.058861,19,-0.593957,-0.058861,19,0.029192,0.026678,20
2017-07-01,-63.552413,-0.498522,20,-34.005794,-0.590241,20,-3.458701,-0.164301,19,-1.914382,-0.164301,19,1.266988,1.080883,20
2017-08-01,-33.409644,-0.306991,20,-16.403281,-0.260284,20,-9.932568,-0.418594,19,-5.497651,-0.418594,19,-0.520523,-0.417299,20
2017-09-01,-12.421293,-0.196750,20,-10.738022,-0.412252,20,-10.968326,-0.529615,19,-5.875103,-0.529615,19,0.975886,0.713984,20
2017-10-01,17.365540,0.478552,20,14.179147,0.602315,20,-13.064704,-0.384724,18,-7.231280,-0.384724,18,-1.210800,-1.142849,20
2017-11-01,-5.935838,-0.250084,20,-5.248867,-0.467926,20,-34.110207,-0.578446,19,-18.270882,-0.578446,19,-0.446191,-0.424049,20
2017-12-01,-10.400569,-0.607271,20,-11.911047,-0.873120,20,-52.451827,-0.507110,19,-29.031951,-0.507110,19,0.441779,0.418395,20
2018-01-01,4.554895,0.430645,20,-3.263836,-0.328602,20,-68.563994,-0.698605,20,-37.949993,-0.698605,20,-0.517741,-0.722743,20
2018-02-01,-6.504131,-0.542724,20,-3.641404,-0.351556,20,-29.342889,-0.460310,20,-15.117699,-0.477181,20,0.745261,0.814144,20
2018-03-01,-8.701142,-0.610705,20,-11.076273,-0.868521,20,-34.600132,-0.989468,19,-19.151084,-0.989468,19,-0.248141,-0.230084,20
2018-04-01,-15.723306,-0.191690,19,-21.417042,-0.486646,19,-19.980413,-0.970472,18,-10.702362,-0.970472,18,2.002433,1.221736,19
2018-05-01,-69.039102,-0.654846,19,-18.439529,-0.367019,19,-23.929564,-1.591685,18,-13.244952,-1.591685,18,1.585783,0.869704,19
2018-06-01,-99.771350,-0.708974,20,-41.593843,-0.574018,20,-24.718866,-1.312132,19,-13.240480,-1.312132,19,-0.748660,-0.684189,20
2018-07-01,-27.625257,-0.216700,20,-9.908376,-0.171980,20,-24.574830,-1.167395,19,-13.602105,-1.167395,19,-0.113043,-0.096439,20
2018-08-01,-82.458156,-0.757682,20,-79.103920,-1.255206,20,-23.900310,-1.007244,19,-13.228760,-1.007244,19,1.246463,0.999280,20
2018-09-01,72.543833,1.149076,20,14.866447,0.570750,20,-21.808326,-1.053034,19,-11.681470,-1.053034,19,1.863778,1.363588,20
2018-10-01,41.656089,1.147941,20,2.995084,0.127228,20,-40.893737,-1.204221,18,-22.634578,-1.204221,18,-0.784107,-0.740102,20
2018-11-01,-4.358996,-0.183650,20,-5.120973,-0.456524,20,-57.840207,-0.980863,19,-30.981682,-0.980863,19,-0.182161,-0.173122,20
2018-12-01,11.645243,0.679945,20,-11.303128,-0.828557,20,-82.380859,-0.796467,19,-45.597593,-0.796467,19,-0.754551,-0.714610,20
2019-01-01,-7.739848,-0.731769,20,-6.788821,-0.683496,20,-71.660768,-0.730159,20,-39.664050,-0.730159,20,0.247196,0.345074,20
2019-02-01,-5.019672,-0.418857,20,-5.976445,-0.576990,20,-39.942889,-0.626595,20,-20.416991,-0.644450,20,0.978063,1.068464,20
2019-03-01,-8.924648,-0.626392,20,-4.679930,-0.366966,20,-27.861422,-0.796759,19,-15.421225,-0.796759,19,-0.181414,-0.168213,20
2019-04-01,-40.716905,-0.496399,19,-23.677769,-0.538016,19,-16.017080,-0.777968,18,-8.579432,-0.777968,18,2.008990,1.225736,19
2019-05-01,-50.529223,-0.479277,19,-42.832943,-0.852545,19,-20.654919,-1.373871,18,-11.432444,-1.373871,18,1.401202,0.768472,19
2019-06-01,-75.268183,-0.534855,20,-37.386434,-0.515954,20,-32.177066,-1.708030,19,-17.235410,-1.708030,19,-0.675086,-0.616951,20
2019-07-01,-103.302465,-0.810332,20,-51.534946,-0.894496,20,-34.108765,-1.620291,19,-18.879114,-1.620291,19,1.096639,0.935556,20
2019-08-01,-104.972382,-0.964558,20,-62.195363,-0.986904,20,-30.000310,-1.264320,19,-16.605094,-1.264320,19,1.324790,1.062074,20
2019-09-01,-46.139084,-0.730831,20,-16.066476,-0.616821,20,-21.174359,-1.022422,19,-11.341890,-1.022422,19,0.122124,0.089349,20
2019-10-01,-24.419408,-0.672940,20,-16.683705,-0.708706,20,-51.396801,-1.513511,18,-28.447997,-1.513511,18,-0.016921,-0.015971,20
2019-11-01,-21.566690,-0.908630,20,-11.897164,-1.060607,20,-81.039607,-1.374282,19,-43.408271,-1.374282,19,2.188309,2.079716,20
2019-12-01,-8.204678,-0.479057,20,-21.699624,-1.590655,20,-126.574117,-1.223732,19,-70.058447,-1.223732,19,1.270229,1.202993,20
2020-01-01,2.173130,0.205460,20,-7.521207,-0.757232,20,-92.529284,-0.942790,20,-51.214719,-0.942790,20,1.375492,1.920124,20
2020-02-01,-12.188288,-1.017028,20,-7.494314,-0.723531,20,-69.994780,-1.098028,20,-34.298831,-1.082622,20,0.764455,0.835112,20
2020-03-01,-10.747665,-0.754343,20,-14.242455,-1.116790,20,-41.013745,-1.172879,19,-22.701002,-1.172879,19,1.870311,1.734212,20
2020-04-01,-15.970366,-0.194702,19,,,19,-43.579287,-2.116697,18,-23.342925,-2.116697,18,1.432618,0.874077,19
