variable_cuenca,mes,mediana_abs_dif,p95_abs_dif,corr_patron_pacifico
P_local_mm,1,0.05,0.14,0.87
P_local_mm,2,0.043,0.123,0.912
P_local_mm,3,0.065,0.18,0.716
P_local_mm,4,0.111,0.309,0.813
P_local_mm,5,0.046,0.136,0.951
P_local_mm,6,0.064,0.189,0.855
P_local_mm,7,0.052,0.157,0.92
P_local_mm,8,0.047,0.135,0.928
P_local_mm,9,0.046,0.139,0.956
P_local_mm,10,0.048,0.146,0.974
P_local_mm,11,0.076,0.197,0.722
P_local_mm,12,0.057,0.172,0.827
Caudal_m3s,1,0.053,0.17,0.958
Caudal_m3s,2,0.058,0.183,0.955
Caudal_m3s,3,0.057,0.18,0.962
Caudal_m3s,4,0.053,0.168,0.963
Caudal_m3s,5,0.087,0.243,0.851
Caudal_m3s,6,0.033,0.101,0.982
Caudal_m3s,7,0.045,0.14,0.971
Caudal_m3s,8,0.04,0.127,0.98
Caudal_m3s,9,0.043,0.132,0.983
Caudal_m3s,10,0.028,0.09,0.986
Caudal_m3s,11,0.033,0.097,0.98
Caudal_m3s,12,0.044,0.134,0.972
