mes,r_nino34_pnm,r_nino34_z500,r_pnm_z500,r_PL_nino34,r_parcial_PL_nino34_dado_pnm,r_PL_pnm,r_parcial_PL_pnm_dado_nino34
1,-0.0768655902814274,0.06813230215280563,0.42790963223902007,-0.0663039758816393,-0.06375823485831546,0.03585079228792017,0.030872965645110967
2,0.0660340680089706,-0.11792203753285402,0.045792101920940596,0.02704864967448818,0.031138593643072747,-0.061032649289374206,-0.06294643720104626
3,-0.27117437832290336,0.09300318191808994,0.23021131213073673,-0.04586759638575056,-0.04610944770076223,0.005468152992015365,-0.007224382166766783
4,-0.3137126222116275,-0.22792065026529046,0.41973627465623226,0.35703240955312376,0.27286393346732807,-0.38463523573231523,-0.3101141677127279
5,-0.35907043050624593,-0.3987220728624501,0.5169881309027275,0.13620909652260568,-0.13036764220905922,-0.6432524165173609,-0.6425290231641355
6,-0.04771540796896981,0.020872958199127437,0.5447021472130965,0.27691529256342723,0.28872833296769707,-0.47267573563560317,-0.47858371843816144
7,-0.27985545055650896,-0.1397224674588723,0.5847967626622017,0.2326398354714362,0.055086402987090596,-0.6265315586326186,-0.5997775073065443
8,-0.4129822505659847,-0.04254169073956411,0.4378738890012137,0.39919871466123596,0.20443021733055833,-0.6344141182099122,-0.5647257681428023
9,-0.3752514321555522,-0.19950800067226931,0.44629498459013334,0.49571653088788514,0.3811439072884415,-0.5572264281601612,-0.4676148431548853
10,-0.4918748365059845,-0.5761399301157428,0.6167924308767779,0.6225451183742947,0.5165921023139765,-0.46200610873341996,-0.24174709928328678
11,-0.3613858889921672,-0.5663731123854375,0.3403241513967095,0.04073759409076375,-0.03235371316651383,-0.18738441226026498,-0.18579737099160332
12,-0.42926445856490436,-0.43065015893351694,0.6089473296981283,0.14003703496698264,0.008621943282032982,-0.31714499219656855,-0.2875037351073203
