mes,T_CR2MET_C,T_ERA5L_C,P_local_mm,z0_m,z0_m_gamma55,z0_m_gamma75,frac_area_bajo_cero,frac_area_bajo_cero_gamma55,frac_area_bajo_cero_gamma75,z0_m_era5l,frac_area_bajo_cero_era5l
1,11.4189,8.2772,11.1625,4938.4807,5257.8919,4704.2459,0.0283,0.0136,0.0458,4455.1286,0.0777
2,10.8684,8.4723,11.4886,4853.7746,5157.7847,4630.8339,0.0339,0.0174,0.0533,4485.1467,0.0732
3,9.9226,6.8819,10.7307,4708.2716,4985.8266,4504.7313,0.0461,0.0259,0.0687,4240.4723,0.1177
4,6.3475,1.8289,54.2871,4158.2632,4335.8166,4028.0573,0.1385,0.1044,0.1705,3463.092,0.3942
5,2.6114,-4.3033,132.0343,3583.4738,3656.52,3529.9065,0.3369,0.3103,0.3582,2519.6749,0.7539
6,-0.4028,-7.777,174.7735,3119.7465,3108.4787,3128.0096,0.5444,0.5481,0.5416,1985.2597,0.8903
7,-1.8485,-8.4384,147.002,2897.3422,2845.6373,2935.2592,0.6378,0.656,0.6238,1883.5092,0.9083
8,-0.9072,-7.2953,120.329,3042.1556,3016.7804,3060.7641,0.5789,0.5881,0.5718,2059.361,0.8773
9,0.9788,-5.7119,84.7115,3332.3053,3359.6846,3312.2272,0.4476,0.435,0.457,2302.959,0.8233
10,3.3634,-2.8939,39.1287,3699.1584,3793.2382,3630.1665,0.2815,0.247,0.3101,2736.5026,0.6979
11,6.6153,0.2614,19.1675,4199.4545,4384.4972,4063.7564,0.1229,0.0889,0.1551,3221.9273,0.4993
12,9.7462,4.4068,14.3668,4681.1319,4953.7524,4481.2102,0.0488,0.0279,0.0719,3859.6841,0.2287
