variable,representacion,unidad,periodo,metodo,n,pendiente,ic_inf,ic_sup,p,p_sin_corregir_dependencia
P_local_mm,X,mm/mes por década,1980-01 a 2020-03,OLS (IC HAC),483,-10.60614488773586,-17.84168896769281,-3.3706008077789096,0.0040660410343967,0.0073185496275292
P_local_mm,X,mm/mes por década,1980-01 a 2020-03,OLS + efectos de mes (IC HAC),483,-10.18204817622779,-17.219596885068768,-3.144499467386812,0.0045723934246514,0.0018209350474506
P_local_mm,X,mm/mes por década,1980-01 a 2020-03,Kendall estacional + Sen estacional (p bootstrap bloques 3 años),483,-1.086973065404524,-2.869628509156667,0.0794297086956521,0.0804597701149425,0.0819885861821489
P_local_mm,X,mm/mes por década,1980-01 a 2020-03,LOESS ~10 años: cambio neto/década (sin inferencia),483,-2.456818486338635,,,,
P_local_mm,a,mm/mes por década,1980-01 a 2020-03,OLS (IC HAC),483,-10.242032581447056,-17.30125279359777,-3.182812369296344,0.0044598752863681,0.0015960504144172
P_local_mm,a,mm/mes por década,1980-01 a 2020-03,Mann-Kendall Hamed-Rao + Theil-Sen,483,-3.2371516207197786,-6.768604136349172,-0.2767237479578631,0.0280037673119559,0.0086756762567761
P_local_mm,a,mm/mes por década,1980-01 a 2020-03,LOESS ~10 años: cambio neto/década (sin inferencia),483,-4.087019448771673,,,,
P_local_mm,z,unidades estandarizadas por década,1980-01 a 2020-03,OLS (IC HAC),483,-0.0785703414747176,-0.1616937176558174,0.004553034706382,0.0639385514383396,0.0438723727443187
P_local_mm,z,unidades estandarizadas por década,1980-01 a 2020-03,Mann-Kendall Hamed-Rao + Theil-Sen,483,-0.0489145992017704,-0.10651398865162,0.0050728372451064,0.0756773956414074,0.0756773956414074
P_local_mm,z,unidades estandarizadas por década,1980-01 a 2020-03,LOESS ~10 años: cambio neto/década (sin inferencia),483,-0.0946803721677352,,,,
P_IMERG_mm,X,mm/mes por década,2000-06 a 2020-03,OLS (IC HAC),238,-18.06147526975049,-29.612533821025565,-6.510416718475414,0.0021793183578265,0.006320000507641
P_IMERG_mm,X,mm/mes por década,2000-06 a 2020-03,OLS + efectos de mes (IC HAC),238,-15.56211950341604,-25.872287649673353,-5.251951357158722,0.0030928023528973,0.0004623381097817
P_IMERG_mm,X,mm/mes por década,2000-06 a 2020-03,Kendall estacional + Sen estacional (p bootstrap bloques 3 años),238,-8.089968196904374,-12.56405309856292,-4.666258458738227,0.0134932533733133,1.0488930590746293e-05
P_IMERG_mm,X,mm/mes por década,2000-06 a 2020-03,LOESS ~10 años: cambio neto/década (sin inferencia),238,-9.664954965525736,,,,
P_IMERG_mm,a,mm/mes por década,2000-06 a 2020-03,OLS (IC HAC),238,-15.53913135222592,-26.012088623922736,-5.0661740805291045,0.0036366193308624,0.0003387423372286
P_IMERG_mm,a,mm/mes por década,2000-06 a 2020-03,Mann-Kendall Hamed-Rao + Theil-Sen,238,-9.265205280557124,-15.857567287200798,-3.209537187972596,0.0023546530461107,0.0001814543898552
P_IMERG_mm,a,mm/mes por década,2000-06 a 2020-03,LOESS ~10 años: cambio neto/década (sin inferencia),238,-9.84416090272934,,,,
P_IMERG_mm,z,unidades estandarizadas por década,2000-06 a 2020-03,OLS (IC HAC),238,-0.4078742877905271,-0.6975855948599363,-0.1181629807211178,0.0057914009769756,0.0001899127253939
P_IMERG_mm,z,unidades estandarizadas por década,2000-06 a 2020-03,Mann-Kendall Hamed-Rao + Theil-Sen,238,-0.3896340265950799,-0.5742667606504824,-0.2062854980673096,2.9217917681734207e-05,7.41265128012536e-06
P_IMERG_mm,z,unidades estandarizadas por década,2000-06 a 2020-03,LOESS ~10 años: cambio neto/década (sin inferencia),238,-0.4415765430133396,,,,
Caudal_m3s,X,m³/s por década,1980-01 a 2020-04,OLS (IC HAC),470,-17.067220161038293,-25.75187204293507,-8.38256827914151,0.0001172751223609,2.5503271483177425e-08
Caudal_m3s,X,m³/s por década,1980-01 a 2020-04,OLS + efectos de mes (IC HAC),470,-18.35656620354682,-26.976616701196363,-9.736515705897272,2.9958488580471277e-05,2.822177582331002e-16
Caudal_m3s,X,m³/s por década,1980-01 a 2020-04,Kendall estacional + Sen estacional (p bootstrap bloques 3 años),470,-12.414746543778802,-14.81685744016649,-9.848522167487683,0.0049975012493753,0.0
Caudal_m3s,X,m³/s por década,1980-01 a 2020-04,LOESS ~10 años: cambio neto/década (sin inferencia),470,-12.770220467117634,,,,
Caudal_m3s,a,m³/s por década,1980-01 a 2020-04,OLS (IC HAC),470,-18.20256873491682,-26.73357153702545,-9.671565932808187,2.8899688753596286e-05,3.7375114952624184e-16
Caudal_m3s,a,m³/s por década,1980-01 a 2020-04,Mann-Kendall Hamed-Rao + Theil-Sen,470,-14.869066278734897,-22.346635944700456,-7.779758476607914,5.8714171808915694e-05,0.0
Caudal_m3s,a,m³/s por década,1980-01 a 2020-04,LOESS ~10 años: cambio neto/década (sin inferencia),470,-16.059215606436393,,,,
Caudal_m3s,z,unidades estandarizadas por década,1980-01 a 2020-04,OLS (IC HAC),470,-0.4439399486335801,-0.6367854256610522,-0.251094471606108,6.423879265852215e-06,1.3546734727998557e-17
Caudal_m3s,z,unidades estandarizadas por década,1980-01 a 2020-04,Mann-Kendall Hamed-Rao + Theil-Sen,470,-0.4029490788071649,-0.6242622049430868,-0.1892169089657278,0.0003515261319781,0.0
Caudal_m3s,z,unidades estandarizadas por década,1980-01 a 2020-04,LOESS ~10 años: cambio neto/década (sin inferencia),470,-0.4341707508064706,,,,
Temp_C,X,°C por década,2000-06 a 2020-03,OLS (IC HAC),238,0.6611548214478657,-0.3147099753025044,1.6370196181982362,0.184214945362733,0.359795747278993
Temp_C,X,°C por década,2000-06 a 2020-03,OLS + efectos de mes (IC HAC),238,0.2814603743265689,-0.2131718080878042,0.776092556740942,0.2647314783121052,0.1216672665115008
Temp_C,X,°C por década,2000-06 a 2020-03,Kendall estacional + Sen estacional (p bootstrap bloques 3 años),238,0.3134974557784744,-0.0161001931980327,0.666184417394599,0.0939530234882558,0.0673882557462091
Temp_C,X,°C por década,2000-06 a 2020-03,LOESS ~10 años: cambio neto/década (sin inferencia),238,1.3482424578300385,,,,
Temp_C,a,°C por década,2000-06 a 2020-03,OLS (IC HAC),238,0.2810446048912021,-0.218524854719558,0.7806140645019621,0.2701904592060743,0.1131705856006865
Temp_C,a,°C por década,2000-06 a 2020-03,Mann-Kendall Hamed-Rao + Theil-Sen,238,0.2927246759723055,-0.1472176333818386,0.721938191098227,0.1912612511526539,0.1122159234328132
Temp_C,a,°C por década,2000-06 a 2020-03,LOESS ~10 años: cambio neto/década (sin inferencia),238,0.5639562192502383,,,,
Temp_C,z,unidades estandarizadas por década,2000-06 a 2020-03,OLS (IC HAC),238,0.1626699278114204,-0.1619261483676388,0.4872660039904797,0.325987771202005,0.1415458827583918
Temp_C,z,unidades estandarizadas por década,2000-06 a 2020-03,Mann-Kendall Hamed-Rao + Theil-Sen,238,0.1790069313991522,-0.1494574975989724,0.5038133015792314,0.2732501220978269,0.1163239271622731
Temp_C,z,unidades estandarizadas por década,2000-06 a 2020-03,LOESS ~10 años: cambio neto/década (sin inferencia),238,0.3637401884758282,,,,
