variable_cuenca,mes,rezago,r,p,n
P_local_mm,1,0,-0.0663039758816393,0.6850802413004298,41
P_local_mm,1,1,-0.0728485596038784,0.6568832875633115,41
P_local_mm,1,2,-0.06018652917815009,0.7134214449957335,41
P_local_mm,1,3,-0.05366021882244854,0.7444569350717651,41
P_local_mm,1,4,-0.030202703017477347,0.855191420182985,41
P_local_mm,1,5,-0.031747111554675855,0.8484062401416623,41
P_local_mm,1,6,-0.03932802542108137,0.81153471635055,41
P_local_mm,1,7,-0.036987161914197805,0.8190567267426124,41
P_local_mm,1,8,0.08302189502919548,0.6058181018334152,41
P_local_mm,1,9,0.12345073643099627,0.4419091854532271,41
P_local_mm,1,10,0.1314134802923703,0.4164288798100514,41
P_local_mm,1,11,0.16042759934772466,0.3200582899811437,41
P_local_mm,1,12,0.09752149140822876,0.5507597050484654,41
P_local_mm,2,0,0.02704864967448818,0.8673177496487294,41
P_local_mm,2,1,0.03625146334589874,0.8239140179406647,41
P_local_mm,2,2,0.09953354495846028,0.5413144919078394,41
P_local_mm,2,3,0.10467215978884307,0.5201906091222583,41
P_local_mm,2,4,0.10112990903708872,0.5357669419598261,41
P_local_mm,2,5,0.08691994198157994,0.5960943311556285,41
P_local_mm,2,6,0.05395510955860213,0.743076339724284,41
P_local_mm,2,7,0.015809762044756058,0.9231601906007754,41
P_local_mm,2,8,0.011882590578352148,0.9413741574529133,41
P_local_mm,2,9,-0.030020673941361823,0.8521912234919722,41
P_local_mm,2,10,-0.01693875791818245,0.9162851793582222,41
P_local_mm,2,11,-0.030834614685930527,0.8490718824800392,41
P_local_mm,2,12,-0.050814258042909705,0.7536936950797632,41
P_local_mm,3,0,-0.04586759638575056,0.7762357809549727,41
P_local_mm,3,1,-0.06467887691253901,0.6886170127209397,41
P_local_mm,3,2,-0.04198808045313342,0.7955553609503507,41
P_local_mm,3,3,-0.06550271537162929,0.6862429493957882,41
P_local_mm,3,4,-0.09010276734679151,0.5779069647686951,41
P_local_mm,3,5,-0.07670690342217336,0.6364579032915842,41
P_local_mm,3,6,-0.06180402224707045,0.7039975879652262,41
P_local_mm,3,7,-0.11465080385941065,0.4805058991723197,41
P_local_mm,3,8,-0.13996694604977067,0.38707208605782595,41
P_local_mm,3,9,-0.20766725312150752,0.19324528754738515,41
P_local_mm,3,10,-0.2033711022334202,0.20219744377300886,41
P_local_mm,3,11,-0.22152989225920597,0.16392805643742084,41
P_local_mm,3,12,-0.11679627880022786,0.4684239379393431,41
P_local_mm,4,0,0.35703240955312376,0.02425937138552985,40
P_local_mm,4,1,0.363435049306784,0.021159404599979968,40
P_local_mm,4,2,0.41289501494464415,0.008099987590360591,40
P_local_mm,4,3,0.4036321475864366,0.009801087372829734,40
P_local_mm,4,4,0.3772960286617106,0.016394481079956294,40
P_local_mm,4,5,0.3455453569251763,0.028970648232830805,40
P_local_mm,4,6,0.33515230845522004,0.034511441119686126,40
P_local_mm,4,7,0.35033259091877733,0.026677803093403,40
P_local_mm,4,8,0.3436483002875376,0.02992317237903368,40
P_local_mm,4,9,0.28680544777693895,0.07276458972267058,40
P_local_mm,4,10,0.30835144264912495,0.05289125318313446,40
P_local_mm,4,11,0.3836375647274044,0.015285275016045454,40
P_local_mm,4,12,0.3607644011010003,0.022868361902617138,40
P_local_mm,5,0,0.13620909652260568,0.41806865655516123,40
P_local_mm,5,1,0.022038636373853143,0.8945941812451688,40
P_local_mm,5,2,-0.042055929876119856,0.7966657623607453,40
P_local_mm,5,3,-0.1076705314077378,0.5084190786653073,40
P_local_mm,5,4,-0.06044544252750151,0.7110046033577835,40
P_local_mm,5,5,-0.06589991976785121,0.6862046016243262,40
P_local_mm,5,6,-0.11980119101012682,0.461535321378435,40
P_local_mm,5,7,-0.13299258928310964,0.41330554309976064,40
P_local_mm,5,8,-0.11638426967632128,0.47450172089108145,40
P_local_mm,5,9,-0.07452820347268303,0.6476368643730837,40
P_local_mm,5,10,-0.06919330987088396,0.6713840703771433,40
P_local_mm,5,11,0.0011173209514334166,0.9945405401276582,40
P_local_mm,5,12,-0.002764953249535005,0.9869750410489436,40
P_local_mm,6,0,0.27691529256342723,0.08553873572599208,40
P_local_mm,6,1,0.16045205685491026,0.3226454447127417,40
P_local_mm,6,2,0.05987485856566297,0.7136164659363039,40
P_local_mm,6,3,-0.0779159388071365,0.6372123389902443,40
P_local_mm,6,4,-0.13314093122608284,0.41889408549957474,40
P_local_mm,6,5,-0.14198541593840364,0.3951844892513652,40
P_local_mm,6,6,-0.13229025400043293,0.4309624641844033,40
P_local_mm,6,7,-0.1371902676108732,0.4132171876309789,40
P_local_mm,6,8,-0.12506097167191393,0.45952363517550343,40
P_local_mm,6,9,-0.18654637089142545,0.27002831007178846,40
P_local_mm,6,10,-0.19804752604107462,0.2440041882507525,40
P_local_mm,6,11,-0.1628811033295563,0.33520062263251216,40
P_local_mm,6,12,-0.2774247990970838,0.08549380497259133,40
P_local_mm,7,0,0.2326398354714362,0.14857219532249696,40
P_local_mm,7,1,0.2558829524859385,0.11100575819021181,40
P_local_mm,7,2,0.17606035800488595,0.2776402758068994,40
P_local_mm,7,3,0.13539222225409392,0.4051037115410021,40
P_local_mm,7,4,0.07369975763612173,0.6513027665159827,40
P_local_mm,7,5,0.07684355705756407,0.637434977975214,40
P_local_mm,7,6,0.10329257443483014,0.525908405816345,40
P_local_mm,7,7,0.046927566817306164,0.773696573853789,40
P_local_mm,7,8,0.030699400358248852,0.8508394669605531,40
P_local_mm,7,9,0.05990401682946827,0.7134829148014894,40
P_local_mm,7,10,0.07015020213692916,0.6671005705151527,40
P_local_mm,7,11,0.03235395719928678,0.842898356620041,40
P_local_mm,7,12,-0.01754349816377019,0.9144362688145347,40
P_local_mm,8,0,0.39919871466123596,0.010717862798036276,40
P_local_mm,8,1,0.3756680946209393,0.016902374082458885,40
P_local_mm,8,2,0.2509617985521262,0.11828636956682596,40
P_local_mm,8,3,0.044321943956143056,0.7864291398917661,40
P_local_mm,8,4,-0.0860787622955623,0.5978575054370312,40
P_local_mm,8,5,-0.12723400057055248,0.4339977177865675,40
P_local_mm,8,6,-0.17969960466447896,0.26719601643790825,40
P_local_mm,8,7,-0.1891591790334048,0.2424028591185121,40
P_local_mm,8,8,-0.20095374917762718,0.2137308100685691,40
P_local_mm,8,9,-0.19916592296463353,0.2179186344359937,40
P_local_mm,8,10,-0.21951503728931035,0.17352062693374157,40
P_local_mm,8,11,-0.21100130768915118,0.1912316418561935,40
P_local_mm,8,12,-0.16885613906284538,0.29760729143102266,40
P_local_mm,9,0,0.49571653088788514,0.0014637212955556761,40
P_local_mm,9,1,0.3939846070318828,0.014140721808621269,40
P_local_mm,9,2,0.3408137627033952,0.035000165860362746,40
P_local_mm,9,3,0.2531987552834584,0.11603654472964516,40
P_local_mm,9,4,0.16809689071110467,0.29981661834010837,40
P_local_mm,9,5,-0.0641717744043818,0.6940284230429192,40
P_local_mm,9,6,-0.21716658533082941,0.18117279868889882,40
P_local_mm,9,7,-0.22847854637816062,0.1589098395031325,40
P_local_mm,9,8,-0.2705403068634935,0.09584595518941434,40
P_local_mm,9,9,-0.306955761975666,0.05805444823797928,40
P_local_mm,9,10,-0.2740376881554676,0.09206164762398826,40
P_local_mm,9,11,-0.24541343673019048,0.1343973151668005,40
P_local_mm,9,12,-0.26206664627869525,0.11003573323113411,40
P_local_mm,10,0,0.6225451183742947,2.4269297796575577e-05,40
P_local_mm,10,1,0.643959405485516,1.0945956646194188e-05,40
P_local_mm,10,2,0.6389004908017961,1.4164288745538637e-05,40
P_local_mm,10,3,0.5374179404125566,0.00044425823783392297,40
P_local_mm,10,4,0.4377494100816873,0.004841570974366324,40
P_local_mm,10,5,0.28895720003200487,0.07054903719280471,40
P_local_mm,10,6,0.08731871057172698,0.5921207901942973,40
P_local_mm,10,7,-0.07062348376167185,0.6668095042747142,40
P_local_mm,10,8,-0.053222638613971765,0.7457146917112083,40
P_local_mm,10,9,-0.10543517922137863,0.5223476110889649,40
P_local_mm,10,10,-0.14084137750777426,0.39282742252949965,40
P_local_mm,10,11,-0.12802253193313984,0.43741352124775223,40
P_local_mm,10,12,-0.08541409296989069,0.6064161858205857,40
P_local_mm,11,0,0.04073759409076375,0.8029116191914768,40
P_local_mm,11,1,0.054995314410884295,0.7360816600634994,40
P_local_mm,11,2,0.08599573969536119,0.5977649469993869,40
P_local_mm,11,3,0.0428575705598176,0.7928739193055241,40
P_local_mm,11,4,0.014550355678774593,0.9289936531875732,40
P_local_mm,11,5,-0.09735872732313045,0.5500749496183686,40
P_local_mm,11,6,-0.09188124360243755,0.5863230972896818,40
P_local_mm,11,7,-0.04804880960119228,0.7727330871203739,40
P_local_mm,11,8,-0.04612304313834014,0.7774772870001352,40
P_local_mm,11,9,-0.048278344244412005,0.7673604558623615,40
P_local_mm,11,10,-0.03520890652411996,0.8292323319006691,40
P_local_mm,11,11,-0.013093786322988061,0.9360863459697549,40
P_local_mm,11,12,0.003869423071794465,0.9810947601260075,40
P_local_mm,12,0,0.14003703496698264,0.3938796848989914,40
P_local_mm,12,1,0.1428173756915586,0.38423937958179066,40
P_local_mm,12,2,0.14142173994480603,0.3901605717108234,40
P_local_mm,12,3,0.10033788765130316,0.544171737439509,40
P_local_mm,12,4,0.1418054835367059,0.3910860201003399,40
P_local_mm,12,5,0.13731720575844814,0.4049605401568752,40
P_local_mm,12,6,0.2205372455167277,0.1723942088723868,40
P_local_mm,12,7,0.1257846761226901,0.43929453653244543,40
P_local_mm,12,8,0.1094425387897391,0.5014243797961095,40
P_local_mm,12,9,0.06668099812855993,0.6840831052683495,40
P_local_mm,12,10,0.10771052679115545,0.510227862707823,40
P_local_mm,12,11,0.11502181113613945,0.48398991355133625,40
P_local_mm,12,12,0.07803745035995276,0.6361237924063844,40
Caudal_m3s,1,0,0.47843681038354435,0.0018104364276828602,40
Caudal_m3s,1,1,0.4611098512344014,0.0027763208088428418,40
Caudal_m3s,1,2,0.4523433292933798,0.003412836846950467,40
Caudal_m3s,1,3,0.4809118503580732,0.0017005426511947778,40
Caudal_m3s,1,4,0.5046130956301106,0.0009100374214365337,40
Caudal_m3s,1,5,0.46276321686985666,0.0026703267499732846,40
Caudal_m3s,1,6,0.3881743628505421,0.013330724874447288,40
Caudal_m3s,1,7,0.39240925817086664,0.012263261212948911,40
Caudal_m3s,1,8,0.27361551739774653,0.08756299195610767,40
Caudal_m3s,1,9,0.14333675155956246,0.3775802861654969,40
Caudal_m3s,1,10,0.01059790074881657,0.9482585430883566,40
Caudal_m3s,1,11,-0.029685213557487697,0.8557654877192179,40
Caudal_m3s,1,12,-0.032733665456252094,0.8412072811243121,40
Caudal_m3s,2,0,0.379335232883608,0.015776484839517546,40
Caudal_m3s,2,1,0.41267819326666866,0.008136697500395884,40
Caudal_m3s,2,2,0.39299858067532056,0.01212200863771739,40
Caudal_m3s,2,3,0.3758903888848707,0.01683224975908712,40
Caudal_m3s,2,4,0.38872559396039424,0.01317827428861952,40
Caudal_m3s,2,5,0.4032944822083942,0.00986847032116583,40
Caudal_m3s,2,6,0.35830375730565267,0.023194531219912627,40
Caudal_m3s,2,7,0.2803018112109844,0.07979448834022046,40
Caudal_m3s,2,8,0.3228055015580802,0.04386020859895031,40
Caudal_m3s,2,9,0.21952076644181173,0.18386405938230385,40
Caudal_m3s,2,10,0.13981301776933072,0.3948610803678383,40
Caudal_m3s,2,11,0.024224261664348157,0.8820498985073375,40
Caudal_m3s,2,12,-0.0016116055718987275,0.992125427585131,40
Caudal_m3s,3,0,0.3925432663025705,0.012231018976937928,40
Caudal_m3s,3,1,0.4304316719873619,0.0055644976030374375,40
Caudal_m3s,3,2,0.4653345258900436,0.002481162119829096,40
Caudal_m3s,3,3,0.4534954941154381,0.0032939880896687606,40
Caudal_m3s,3,4,0.4304159165169402,0.005566423816951952,40
Caudal_m3s,3,5,0.43284267953183475,0.005276452503694789,40
Caudal_m3s,3,6,0.44771205056739816,0.003769532962056417,40
Caudal_m3s,3,7,0.40614955518418777,0.009311012643496038,40
Caudal_m3s,3,8,0.30670782188419055,0.05423442253736966,40
Caudal_m3s,3,9,0.3217147525685432,0.04430084206105251,40
Caudal_m3s,3,10,0.17614008589385624,0.28626736737769093,40
Caudal_m3s,3,11,0.06981578226414538,0.6714338148661263,40
Caudal_m3s,3,12,-0.056985099188236236,0.7268933888158426,40
Caudal_m3s,4,0,0.41157254663202597,0.00928886580750617,39
Caudal_m3s,4,1,0.49800202623439616,0.001365640906350729,39
Caudal_m3s,4,2,0.5432440713132304,0.00038800086203017825,39
Caudal_m3s,4,3,0.5674033365044869,0.00019149306301671792,39
Caudal_m3s,4,4,0.5529385071800401,0.0003019515561549577,39
Caudal_m3s,4,5,0.5289764350072284,0.0006024571867197238,39
Caudal_m3s,4,6,0.5207140637586559,0.0007671978610837151,39
Caudal_m3s,4,7,0.5533768609551525,0.000299060927870937,39
Caudal_m3s,4,8,0.5304650649938728,0.0005923273441787308,39
Caudal_m3s,4,9,0.40406641740205923,0.010944302967187663,39
Caudal_m3s,4,10,0.39525043234298685,0.012761141392642663,39
Caudal_m3s,4,11,0.2821877678103233,0.08177224987508228,39
Caudal_m3s,4,12,0.15859038349804586,0.33489824271953894,39
Caudal_m3s,5,0,0.2700440725666755,0.09910792094397214,39
Caudal_m3s,5,1,0.23732765678020393,0.14685664629136563,39
Caudal_m3s,5,2,0.1961024842584504,0.2315114681406609,39
Caudal_m3s,5,3,0.1610933843203059,0.3272270293375047,39
Caudal_m3s,5,4,0.19550236329689188,0.23297106876566284,39
Caudal_m3s,5,5,0.16680509278369643,0.31013522002444943,39
Caudal_m3s,5,6,0.10420332182249661,0.5278447920986844,39
Caudal_m3s,5,7,0.07149423955917923,0.665371425361934,39
Caudal_m3s,5,8,0.10020403144998248,0.5438874930808114,39
Caudal_m3s,5,9,0.10427010367001943,0.5275788815874849,39
Caudal_m3s,5,10,0.12660483575121792,0.4424746683151106,39
Caudal_m3s,5,11,0.1692638337273547,0.30295501483918247,39
Caudal_m3s,5,12,0.3146960981642284,0.05308125830119949,39
Caudal_m3s,6,0,0.28541990475371354,0.07818801254426305,39
Caudal_m3s,6,1,0.2647513872075536,0.11314174466303475,39
Caudal_m3s,6,2,0.27800059730469073,0.08962983941471876,39
Caudal_m3s,6,3,0.21797764898501235,0.18250701557264143,39
Caudal_m3s,6,4,0.1738802677704717,0.2897624558642484,39
Caudal_m3s,6,5,0.2223362453587134,0.17369930667678943,39
Caudal_m3s,6,6,0.22745220183312054,0.16375466286845117,39
Caudal_m3s,6,7,0.18754991984166228,0.2529046512948751,39
Caudal_m3s,6,8,0.181995124848296,0.26748505195327343,39
Caudal_m3s,6,9,0.18138127250643193,0.2691296159546418,39
Caudal_m3s,6,10,0.18715223196090466,0.2539305069216802,39
Caudal_m3s,6,11,0.131560608368258,0.42467106337374316,39
Caudal_m3s,6,12,0.06365706663435407,0.7002410905465831,39
Caudal_m3s,7,0,0.37984206282657385,0.01707465461922066,39
Caudal_m3s,7,1,0.4923014691882654,0.0014550754725395504,39
Caudal_m3s,7,2,0.42525794576553555,0.009732629911456663,39
Caudal_m3s,7,3,0.3665670453197457,0.023717184350522388,39
Caudal_m3s,7,4,0.24768017114798552,0.12845167227379276,39
Caudal_m3s,7,5,0.19948374401863317,0.22340407111782706,39
Caudal_m3s,7,6,0.24138608553863417,0.1387662590113628,39
Caudal_m3s,7,7,0.2107119569110532,0.19788677696051268,39
Caudal_m3s,7,8,0.17511905159433688,0.2862864533737409,39
Caudal_m3s,7,9,0.19444096636162,0.23556786852435213,39
Caudal_m3s,7,10,0.16663982673133845,0.3106216743997022,39
Caudal_m3s,7,11,0.13202567693472614,0.4230211789899767,39
Caudal_m3s,7,12,0.0833898503284828,0.6137649741880029,39
Caudal_m3s,8,0,0.4821517080334436,0.0018822955000881289,39
Caudal_m3s,8,1,0.4534203414399224,0.0037446396943364513,39
Caudal_m3s,8,2,0.5142044701812007,0.0008121343010505745,39
Caudal_m3s,8,3,0.38635101438087577,0.017749819917553065,39
Caudal_m3s,8,4,0.3082830942774469,0.05829954839351593,39
Caudal_m3s,8,5,0.2393079895424702,0.14230255249470836,39
Caudal_m3s,8,6,0.17808996123451884,0.27806063639999723,39
Caudal_m3s,8,7,0.20296220889967714,0.21526905301528562,39
Caudal_m3s,8,8,0.15972791745164402,0.33139825648550636,39
Caudal_m3s,8,9,0.13006252560597856,0.43001012835430885,39
Caudal_m3s,8,10,0.13182098393177827,0.4237469072228377,39
Caudal_m3s,8,11,0.1301128684725307,0.4298301052912319,39
Caudal_m3s,8,12,0.12770647613899003,0.4384820431273292,39
Caudal_m3s,9,0,0.6275743501173792,2.8740131530077112e-05,39
Caudal_m3s,9,1,0.6190293486233368,4.015185988433386e-05,39
Caudal_m3s,9,2,0.5851757125361269,0.00011890175127394428,39
Caudal_m3s,9,3,0.5886661350271043,8.846233451277587e-05,39
Caudal_m3s,9,4,0.38599516723025146,0.01522425283798777,39
Caudal_m3s,9,5,0.23762299479933527,0.1452182569851279,39
Caudal_m3s,9,6,0.1085036490623876,0.5149387783522923,39
Caudal_m3s,9,7,0.0642580134144611,0.7007168199474771,39
Caudal_m3s,9,8,0.05809328297514344,0.7293430153979447,39
Caudal_m3s,9,9,0.019976614146408972,0.9055308888900072,39
Caudal_m3s,9,10,0.00039780796555174275,0.9981139108748789,39
Caudal_m3s,9,11,0.003110687623176888,0.9852993202975765,39
Caudal_m3s,9,12,-0.019463405963676704,0.9083647124845884,39
Caudal_m3s,10,0,0.2767516963103659,0.08808716870094842,39
Caudal_m3s,10,1,0.3555577008512536,0.026326364180652068,39
Caudal_m3s,10,2,0.3257083736500854,0.043029988818184685,39
Caudal_m3s,10,3,0.27549884292059246,0.08959464901364589,39
Caudal_m3s,10,4,0.31545018580761536,0.05044635366413813,39
Caudal_m3s,10,5,0.22285382122675565,0.19586070388200108,39
Caudal_m3s,10,6,0.15858388252102662,0.3436677203825942,39
Caudal_m3s,10,7,0.08595989229302534,0.6028416269654056,39
Caudal_m3s,10,8,0.05849970037027072,0.723528120377277,39
Caudal_m3s,10,9,0.0774802199959932,0.639193343316182,39
Caudal_m3s,10,10,0.02878096607414093,0.861924302605648,39
Caudal_m3s,10,11,0.000690299964987036,0.9966723050898134,39
Caudal_m3s,10,12,0.009546828202081104,0.9540024064975681,39
Caudal_m3s,11,0,0.2982848225065221,0.06891358835420823,38
Caudal_m3s,11,1,0.32424427595619426,0.04703028933725651,38
Caudal_m3s,11,2,0.3760290650348204,0.019982003925355485,38
Caudal_m3s,11,3,0.3766315061320184,0.019768450797930884,38
Caudal_m3s,11,4,0.31858995270186513,0.05124185361063869,38
Caudal_m3s,11,5,0.3237857439438067,0.04736108146629032,38
Caudal_m3s,11,6,0.1689030023080334,0.3212211325876523,38
Caudal_m3s,11,7,0.06116212976806056,0.7177701807699439,38
Caudal_m3s,11,8,-0.0009459282215195957,0.9955029082710873,38
Caudal_m3s,11,9,-0.008803650164378285,0.958164223632548,38
Caudal_m3s,11,10,-0.001424979290939029,0.9932254676481838,38
Caudal_m3s,11,11,-0.04392823699783434,0.7934198544454485,38
Caudal_m3s,11,12,-0.08006762918193913,0.6327564741928415,38
Caudal_m3s,12,0,0.35983170967114186,0.02444918081191767,39
Caudal_m3s,12,1,0.3637463057114096,0.022828733308692516,39
Caudal_m3s,12,2,0.38516779290045494,0.015462757987634508,39
Caudal_m3s,12,3,0.4202123853379985,0.007735487291688367,39
Caudal_m3s,12,4,0.385991251738206,0.015225374192787671,39
Caudal_m3s,12,5,0.31411690965675093,0.0514814148112758,39
Caudal_m3s,12,6,0.31856341780534225,0.05029182672252121,39
Caudal_m3s,12,7,0.19194164545556447,0.25541862637699225,39
Caudal_m3s,12,8,0.06945236238106779,0.6784452340215739,39
Caudal_m3s,12,9,-0.06251724141365733,0.7053654020424056,39
Caudal_m3s,12,10,-0.09537600183314651,0.563558992857794,39
Caudal_m3s,12,11,-0.09580945969503,0.5617795484630924,39
Caudal_m3s,12,12,-0.13248993002627366,0.42137778273274384,39
