date,P_local_mm,P_IMERG_mm,error_PI_minus_PL_mm_month,absolute_error_mm_month,season
2000-06,612.668264,278.063330,-334.604934,334.604934,Invierno
2008-05,420.778012,187.255586,-233.522427,233.522427,Otono
2005-06,443.173292,225.957159,-217.216133,217.216133,Invierno
2006-07,468.698148,259.767661,-208.930487,208.930487,Invierno
2005-08,416.034274,222.048737,-193.985537,193.985537,Invierno
2016-04,372.242191,197.996544,-174.245647,174.245647,Otono
2001-07,458.804473,297.678502,-161.125971,161.125971,Invierno
2009-09,211.906221,80.025099,-131.881122,131.881122,Primavera
2001-05,197.012117,88.741765,-108.270352,108.270352,Otono
2008-08,247.622554,141.893231,-105.729323,105.729323,Invierno
