Variable,Columna,Unidad,Periodo,Rango_Fechas,N_validos,N_faltantes,Pct_faltantes,N_ceros,Pct_ceros,Media,Mediana,Std,Min,Max,Rango,Q1_25,Q3_75,IQR,P5,P10,P90,P95,Asimetria_Skew,Curtosis
Precipitación Local (PL),P_local_mm,mm/mes,Registro Completo Disponible,1980-01 a 2020-03,483,1,0.21,4,0.83,67.964,25.847,101.203,0.0,705.037,705.037,9.617,84.676,75.059,0.421,1.489,186.665,281.964,2.802,9.642
Precipitación Local (PL),P_local_mm,mm/mes,Periodo Común (2000-06 a 2020-03),2000-06 a 2020-03,238,0,0.0,2,0.84,62.79,25.557,92.287,0.0,612.668,612.668,8.533,78.473,69.94,0.609,1.969,167.203,227.386,2.868,10.055
Precipitación IMERG (PI),P_IMERG_mm,mm/mes,Registro Completo Disponible,2000-06 a 2020-03,238,246,50.83,0,0.0,57.287,32.755,58.698,2.828,318.054,315.227,16.54,80.524,63.984,8.417,11.326,131.024,178.464,1.894,3.901
Precipitación IMERG (PI),P_IMERG_mm,mm/mes,Periodo Común (2000-06 a 2020-03),2000-06 a 2020-03,238,0,0.0,0,0.0,57.287,32.755,58.698,2.828,318.054,315.227,16.54,80.524,63.984,8.417,11.326,131.024,178.464,1.894,3.901
Caudal medio (Q),Caudal_m3s,m³/s,Registro Completo Disponible,1980-01 a 2020-04,470,14,2.89,0,0.0,112.475,87.061,78.001,24.811,592.839,568.027,61.173,136.14,74.968,41.8,49.605,209.063,266.864,2.283,7.119
Caudal medio (Q),Caudal_m3s,m³/s,Periodo Común (2000-06 a 2020-03),2000-06 a 2020-03,230,8,3.36,0,0.0,102.855,81.583,69.523,24.811,457.581,432.769,58.807,120.916,62.109,40.267,47.068,182.389,251.594,2.256,6.113
Escorrentía lámina (R),Q_lamina_mm,mm/mes,Registro Completo Disponible,1980-01 a 2020-04,470,14,2.89,0,0.0,61.063,47.285,42.521,13.733,328.135,314.402,33.531,74.111,40.58,22.896,27.002,112.87,144.526,2.34,7.524
Escorrentía lámina (R),Q_lamina_mm,mm/mes,Periodo Común (2000-06 a 2020-03),2000-06 a 2020-03,230,8,3.36,0,0.0,55.836,44.109,37.923,13.733,253.27,239.537,32.052,65.296,33.243,22.288,25.7,100.712,132.417,2.327,6.611
Temperatura ERA5-Land (T),Temp_C,°C,Registro Completo Disponible,2000-06 a 2020-03,238,246,50.83,0,0.0,-0.518,-1.044,6.362,-11.887,11.267,23.153,-6.493,5.67,12.163,-8.9,-8.148,8.508,9.021,0.17,-1.365
Temperatura ERA5-Land (T),Temp_C,°C,Periodo Común (2000-06 a 2020-03),2000-06 a 2020-03,238,0,0.0,0,0.0,-0.518,-1.044,6.362,-11.887,11.267,23.153,-6.493,5.67,12.163,-8.9,-8.148,8.508,9.021,0.17,-1.365
