variable,unit,calendar_month,reference_start,reference_end,valid_values,valid_years,climatology_mean,climatology_median,climatology_standard_deviation
P_local_mm,mm/mes,1,2000-06,2020-03,20,20,13.406870,13.154339,10.576907
P_local_mm,mm/mes,2,2000-06,2020-03,20,20,12.283963,7.542637,11.984225
P_local_mm,mm/mes,3,2000-06,2020-03,20,20,10.747665,6.468933,14.247709
P_local_mm,mm/mes,4,2000-06,2020-03,19,19,44.400740,27.659794,82.024481
P_local_mm,mm/mes,5,2000-06,2020-03,19,19,116.872948,100.385812,105.427988
P_local_mm,mm/mes,6,2000-06,2020-03,20,20,168.080081,132.586461,140.726336
P_local_mm,mm/mes,7,2000-06,2020-03,20,20,123.722746,73.740577,127.481732
P_local_mm,mm/mes,8,2000-06,2020-03,20,20,118.274703,68.829088,108.829538
P_local_mm,mm/mes,9,2000-06,2020-03,20,20,68.979859,60.517392,63.132321
P_local_mm,mm/mes,10,2000-06,2020-03,20,20,39.748331,21.535855,36.287662
P_local_mm,mm/mes,11,2000-06,2020-03,20,20,24.920160,17.087832,23.735388
P_local_mm,mm/mes,12,2000-06,2020-03,20,20,13.827670,6.365298,17.126733
P_IMERG_mm,mm/mes,1,2000-06,2020-03,20,20,18.021616,16.572817,9.932502
P_IMERG_mm,mm/mes,2,2000-06,2020-03,20,20,17.491030,15.477960,10.357976
P_IMERG_mm,mm/mes,3,2000-06,2020-03,20,20,17.070033,12.379705,12.753034
P_IMERG_mm,mm/mes,4,2000-06,2020-03,19,19,37.482330,22.822786,44.009447
P_IMERG_mm,mm/mes,5,2000-06,2020-03,19,19,88.514735,77.231710,50.241287
P_IMERG_mm,mm/mes,6,2000-06,2020-03,20,20,140.235770,128.366458,72.460817
P_IMERG_mm,mm/mes,7,2000-06,2020-03,20,20,124.971059,110.455085,57.613373
P_IMERG_mm,mm/mes,8,2000-06,2020-03,20,20,110.877807,107.505902,63.020683
P_IMERG_mm,mm/mes,9,2000-06,2020-03,20,20,49.161403,40.629082,26.047216
P_IMERG_mm,mm/mes,10,2000-06,2020-03,20,20,35.261116,33.558909,23.541068
P_IMERG_mm,mm/mes,11,2000-06,2020-03,20,20,24.382455,23.521093,11.217313
P_IMERG_mm,mm/mes,12,2000-06,2020-03,20,20,24.546530,23.474772,13.641939
Caudal_m3s,m3/s,1,2000-06,2020-03,20,20,177.989800,157.161290,98.144085
Caudal_m3s,m3/s,2,2000-06,2020-03,20,20,133.960746,117.067549,63.745907
Caudal_m3s,m3/s,3,2000-06,2020-03,19,19,95.016261,86.870968,34.968424
Caudal_m3s,m3/s,4,2000-06,2020-03,18,18,72.547080,70.285000,20.588342
Caudal_m3s,m3/s,5,2000-06,2020-03,18,18,59.145693,60.137097,15.034106
Caudal_m3s,m3/s,6,2000-06,2020-03,19,19,60.975533,59.830000,18.838703
Caudal_m3s,m3/s,7,2000-06,2020-03,19,19,58.919991,55.461290,21.051007
Caudal_m3s,m3/s,8,2000-06,2020-03,19,19,61.219665,54.025806,23.728415
Caudal_m3s,m3/s,9,2000-06,2020-03,19,19,68.881659,63.923333,20.710001
Caudal_m3s,m3/s,10,2000-06,2020-03,18,18,95.403414,86.082258,33.958654
Caudal_m3s,m3/s,11,2000-06,2020-03,19,19,146.083540,121.910000,58.968685
Caudal_m3s,m3/s,12,2000-06,2020-03,19,19,191.419569,140.677419,103.432839
Q_lamina_mm,mm/mes,1,2000-06,2020-03,20,20,98.516894,86.988367,54.322497
Q_lamina_mm,mm/mes,2,2000-06,2020-03,20,20,67.419634,59.682198,31.681251
Q_lamina_mm,mm/mes,3,2000-06,2020-03,19,19,52.591255,48.082856,19.354932
Q_lamina_mm,mm/mes,4,2000-06,2020-03,18,18,38.859311,37.647644,11.027994
Q_lamina_mm,mm/mes,5,2000-06,2020-03,18,18,32.736988,33.285728,8.321339
Q_lamina_mm,mm/mes,6,2000-06,2020-03,19,19,32.661097,32.047500,10.090813
Q_lamina_mm,mm/mes,7,2000-06,2020-03,19,19,32.612063,30.697681,11.651678
Q_lamina_mm,mm/mes,8,2000-06,2020-03,19,19,33.884926,29.903144,13.133617
Q_lamina_mm,mm/mes,9,2000-06,2020-03,19,19,36.895955,34.240064,11.093160
Q_lamina_mm,mm/mes,10,2000-06,2020-03,18,18,52.805543,47.646308,18.796027
Q_lamina_mm,mm/mes,11,2000-06,2020-03,19,19,78.248576,65.300197,31.586143
Q_lamina_mm,mm/mes,12,2000-06,2020-03,19,19,105.950237,77.864588,57.249809
Temp_C,°C,1,2000-06,2020-03,20,20,11.897130,12.064917,0.716356
Temp_C,°C,2,2000-06,2020-03,20,20,11.186498,11.049849,0.915392
Temp_C,°C,3,2000-06,2020-03,20,20,10.089349,9.862666,1.078479
Temp_C,°C,4,2000-06,2020-03,19,19,6.725578,6.430085,1.639007
Temp_C,°C,5,2000-06,2020-03,19,19,2.958462,2.461160,1.823361
Temp_C,°C,6,2000-06,2020-03,20,20,-0.403327,-0.474699,1.094229
Temp_C,°C,7,2000-06,2020-03,20,20,-1.911157,-1.960405,1.172178
Temp_C,°C,8,2000-06,2020-03,20,20,-0.986093,-0.825495,1.247361
Temp_C,°C,9,2000-06,2020-03,20,20,1.033604,0.933247,1.366819
Temp_C,°C,10,2000-06,2020-03,20,20,3.480656,3.509513,1.059458
Temp_C,°C,11,2000-06,2020-03,20,20,6.550338,6.540517,1.052215
Temp_C,°C,12,2000-06,2020-03,20,20,9.781886,9.686187,1.055891
