Variable,Tipo_Extremo,Fecha,Valor,Contexto_Fisico
P_local_mm,Máximo,1982-06,705.037,Evento extremo pluvial/nival o deshielo estival intenso
P_local_mm,Máximo,2000-06,612.668,Evento extremo pluvial/nival o deshielo estival intenso
P_local_mm,Máximo,1987-07,609.431,Evento extremo pluvial/nival o deshielo estival intenso
P_local_mm,Mínimo,1993-03,0.0,Mes seco de verano o estiaje invernal / heladas
P_local_mm,Mínimo,1998-10,0.0,Mes seco de verano o estiaje invernal / heladas
P_local_mm,Mínimo,2010-03,0.0,Mes seco de verano o estiaje invernal / heladas
P_IMERG_mm,Máximo,2002-06,318.054,Evento extremo pluvial/nival o deshielo estival intenso
P_IMERG_mm,Máximo,2001-07,297.679,Evento extremo pluvial/nival o deshielo estival intenso
P_IMERG_mm,Máximo,2000-06,278.063,Evento extremo pluvial/nival o deshielo estival intenso
P_IMERG_mm,Mínimo,2020-03,2.828,Mes seco de verano o estiaje invernal / heladas
P_IMERG_mm,Mínimo,2019-12,2.847,Mes seco de verano o estiaje invernal / heladas
P_IMERG_mm,Mínimo,2012-03,4.239,Mes seco de verano o estiaje invernal / heladas
Caudal_m3s,Máximo,1983-01,592.839,Evento extremo pluvial/nival o deshielo estival intenso
Caudal_m3s,Máximo,1982-12,539.452,Evento extremo pluvial/nival o deshielo estival intenso
Caudal_m3s,Máximo,2006-01,457.581,Evento extremo pluvial/nival o deshielo estival intenso
Caudal_m3s,Mínimo,2019-07,24.811,Mes seco de verano o estiaje invernal / heladas
Caudal_m3s,Mínimo,2019-06,28.798,Mes seco de verano o estiaje invernal / heladas
Caudal_m3s,Mínimo,2019-08,31.219,Mes seco de verano o estiaje invernal / heladas
Q_lamina_mm,Máximo,1983-01,328.135,Evento extremo pluvial/nival o deshielo estival intenso
Q_lamina_mm,Máximo,1982-12,298.585,Evento extremo pluvial/nival o deshielo estival intenso
Q_lamina_mm,Máximo,2006-01,253.27,Evento extremo pluvial/nival o deshielo estival intenso
Q_lamina_mm,Mínimo,2019-07,13.733,Mes seco de verano o estiaje invernal / heladas
Q_lamina_mm,Mínimo,2019-06,15.426,Mes seco de verano o estiaje invernal / heladas
Q_lamina_mm,Mínimo,2019-08,17.28,Mes seco de verano o estiaje invernal / heladas
Temp_C,Máximo,2001-02,11.267,Evento extremo pluvial/nival o deshielo estival intenso
Temp_C,Máximo,2020-01,10.794,Evento extremo pluvial/nival o deshielo estival intenso
Temp_C,Máximo,2020-02,10.127,Evento extremo pluvial/nival o deshielo estival intenso
Temp_C,Mínimo,2010-07,-11.887,Mes seco de verano o estiaje invernal / heladas
Temp_C,Mínimo,2011-07,-11.598,Mes seco de verano o estiaje invernal / heladas
Temp_C,Mínimo,2007-08,-11.092,Mes seco de verano o estiaje invernal / heladas
