Mes_Num,Mes_Nombre,PL_1980_1999_mm,PL_2000_2020_mm,Cambio_PL_mm,Cambio_PL_pct,R_1980_1999_mm,R_2000_2020_mm,Cambio_R_mm,Cambio_R_pct
1,Ene,9.46,12.79,3.33,35.3,130.11,97.35,-32.76,-25.2
2,Feb,9.73,13.17,3.44,35.4,87.34,66.68,-20.66,-23.7
3,Mar,11.23,10.25,-0.98,-8.7,65.08,51.12,-13.96,-21.5
4,Abr,66.56,43.31,-23.25,-34.9,44.47,38.37,-6.09,-13.7
5,May,151.46,112.61,-38.85,-25.6,45.34,32.53,-12.81,-28.2
6,Jun,181.47,168.08,-13.39,-7.4,36.88,32.66,-4.22,-11.4
7,Jul,170.28,123.72,-46.56,-27.3,39.62,32.61,-7.0,-17.7
8,Ago,122.38,118.27,-4.11,-3.4,37.76,33.88,-3.87,-10.3
9,Sep,100.44,68.98,-31.46,-31.3,42.2,36.9,-5.31,-12.6
10,Oct,38.51,39.75,1.24,3.2,59.84,52.82,-7.02,-11.7
11,Nov,13.41,24.92,11.51,85.8,91.71,78.25,-13.46,-14.7
12,Dic,14.91,13.83,-1.08,-7.2,127.5,106.29,-21.21,-16.6
