Mes_Num,Mes_Nombre,Variable,N_anios_validos,Media,Mediana,Std,Q1_25,Q3_75,P10,P90,CV
1,Ene,P_local_mm,20,13.407,13.154,10.577,5.192,17.462,1.696,25.949,0.789
1,Ene,P_IMERG_mm,20,18.022,16.573,9.933,11.085,21.647,8.094,26.809,0.551
1,Ene,Caudal_m3s,20,177.99,157.161,98.144,108.652,196.911,92.156,306.99,0.551
1,Ene,Q_lamina_mm,20,98.517,86.988,54.322,60.138,108.99,51.008,169.918,0.551
1,Ene,Temp_C,20,11.897,12.065,0.716,11.31,12.337,11.013,12.658,
1,Ene,Temp_ERA5L_C,20,8.277,8.428,1.208,7.616,9.087,7.215,9.303,
2,Feb,P_local_mm,20,12.284,7.543,11.984,1.535,18.66,0.378,30.37,0.976
2,Feb,P_IMERG_mm,20,17.491,15.478,10.358,10.04,19.175,8.484,31.28,0.592
2,Feb,Caudal_m3s,20,133.961,117.068,63.746,92.858,148.946,80.456,233.607,0.476
2,Feb,Q_lamina_mm,20,67.42,59.682,31.681,46.423,74.463,41.521,116.788,0.47
2,Feb,Temp_C,20,11.186,11.05,0.915,10.92,11.814,10.363,11.972,
2,Feb,Temp_ERA5L_C,20,8.472,8.545,1.225,7.816,8.931,7.399,9.854,
3,Mar,P_local_mm,20,10.748,6.469,14.248,1.521,12.765,0.164,25.806,1.326
3,Mar,P_IMERG_mm,20,17.07,12.38,12.753,7.753,21.579,5.818,33.647,0.747
3,Mar,Caudal_m3s,19,95.016,86.871,34.968,69.974,107.865,64.845,136.752,0.368
3,Mar,Q_lamina_mm,19,52.591,48.083,19.355,38.731,59.703,35.891,75.692,0.368
3,Mar,Temp_C,20,10.089,9.863,1.078,9.314,11.015,8.879,11.478,
3,Mar,Temp_ERA5L_C,20,6.882,6.681,1.456,5.782,8.016,5.326,8.626,
4,Abr,P_local_mm,19,44.401,27.66,82.024,7.338,38.579,0.955,65.434,1.847
4,Abr,P_IMERG_mm,19,37.482,22.823,44.009,14.935,38.532,12.108,73.851,1.174
4,Abr,Caudal_m3s,18,72.547,70.285,20.588,55.518,81.153,52.405,107.442,0.284
4,Abr,Q_lamina_mm,18,38.859,37.648,11.028,29.738,43.469,28.07,57.551,0.284
4,Abr,Temp_C,19,6.726,6.43,1.639,5.452,7.71,4.914,8.756,
4,Abr,Temp_ERA5L_C,19,1.829,1.633,2.317,-0.121,3.235,-0.684,4.875,
5,May,P_local_mm,19,116.873,100.386,105.428,49.017,153.532,17.161,232.738,0.902
5,May,P_IMERG_mm,19,88.515,77.232,50.241,57.623,107.084,41.694,144.435,0.568
5,May,Caudal_m3s,18,59.146,60.137,15.034,50.24,70.253,41.254,74.23,0.254
5,May,Q_lamina_mm,18,32.737,33.286,8.321,27.808,38.885,22.834,41.086,0.254
5,May,Temp_C,19,2.958,2.461,1.823,1.567,4.699,0.791,4.947,
5,May,Temp_ERA5L_C,19,-4.303,-5.001,2.504,-6.291,-1.904,-7.322,-1.243,
6,Jun,P_local_mm,20,168.08,132.586,140.726,89.792,180.531,65.489,286.331,0.837
6,Jun,P_IMERG_mm,20,140.236,128.366,72.461,88.12,170.491,64.45,231.168,0.517
6,Jun,Caudal_m3s,19,60.976,59.83,18.839,49.697,74.805,35.799,84.019,0.309
6,Jun,Q_lamina_mm,19,32.661,32.048,10.091,26.62,40.069,19.176,45.004,0.309
6,Jun,Temp_C,20,-0.403,-0.475,1.094,-1.124,0.315,-1.496,0.652,
6,Jun,Temp_ERA5L_C,20,-7.777,-8.022,1.496,-8.822,-7.051,-9.237,-5.486,
7,Jul,P_local_mm,20,123.723,73.741,127.482,57.362,150.916,28.949,223.49,1.03
7,Jul,P_IMERG_mm,20,124.971,110.455,57.613,90.836,129.681,84.589,178.991,0.461
7,Jul,Caudal_m3s,19,58.92,55.461,21.051,45.779,68.553,34.163,81.861,0.357
7,Jul,Q_lamina_mm,19,32.612,30.698,11.652,25.339,37.944,18.909,45.31,0.357
7,Jul,Temp_C,20,-1.911,-1.96,1.172,-2.035,-1.06,-3.437,-0.777,
7,Jul,Temp_ERA5L_C,20,-8.438,-8.18,1.457,-8.839,-7.472,-10.105,-7.115,
8,Ago,P_local_mm,20,118.275,68.829,108.83,38.065,185.515,20.696,249.486,0.92
8,Ago,P_IMERG_mm,20,110.878,107.506,63.021,64.707,135.005,40.202,206.184,0.568
8,Ago,Caudal_m3s,19,61.22,54.026,23.728,46.34,74.424,34.54,92.229,0.388
8,Ago,Q_lamina_mm,19,33.885,29.903,13.134,25.649,41.193,19.118,51.049,0.388
8,Ago,Temp_C,20,-0.986,-0.825,1.247,-1.345,-0.091,-2.944,0.295,
8,Ago,Temp_ERA5L_C,20,-7.295,-6.942,1.428,-7.773,-6.44,-9.483,-5.811,
9,Sep,P_local_mm,20,68.98,60.517,63.132,12.521,107.645,4.299,146.394,0.915
9,Sep,P_IMERG_mm,20,49.161,40.629,26.047,30.824,66.807,26.409,80.114,0.53
9,Sep,Caudal_m3s,19,68.882,63.923,20.71,51.603,82.137,47.012,89.859,0.301
9,Sep,Q_lamina_mm,19,36.896,34.24,11.093,27.641,43.996,25.182,48.132,0.301
9,Sep,Temp_C,20,1.034,0.933,1.367,-0.005,1.985,-0.444,2.77,
9,Sep,Temp_ERA5L_C,20,-5.712,-5.797,1.507,-6.772,-4.723,-7.257,-3.676,
10,Oct,P_local_mm,20,39.748,21.536,36.288,13.825,59.013,11.192,85.039,0.913
10,Oct,P_IMERG_mm,20,35.261,33.559,23.541,17.581,46.619,13.991,49.607,0.668
10,Oct,Caudal_m3s,18,95.403,86.082,33.959,72.925,129.651,54.219,141.16,0.356
10,Oct,Q_lamina_mm,18,52.806,47.646,18.796,40.364,71.761,30.01,78.132,0.356
10,Oct,Temp_C,20,3.481,3.51,1.059,2.922,3.769,2.253,5.198,
10,Oct,Temp_ERA5L_C,20,-2.894,-2.743,1.188,-3.599,-2.367,-4.328,-1.18,
11,Nov,P_local_mm,20,24.92,17.088,23.735,10.753,25.092,5.643,68.916,0.952
11,Nov,P_IMERG_mm,20,24.382,23.521,11.217,16.312,27.605,12.373,40.495,0.46
11,Nov,Caudal_m3s,19,146.084,121.91,58.969,107.908,182.567,88.013,244.68,0.404
11,Nov,Q_lamina_mm,19,78.249,65.3,31.586,57.8,97.79,47.143,131.061,0.404
11,Nov,Temp_C,20,6.55,6.541,1.052,6.034,7.152,5.302,7.521,
11,Nov,Temp_ERA5L_C,20,0.261,0.31,1.146,-0.395,0.754,-1.016,1.257,
12,Dic,P_local_mm,20,13.828,6.365,17.127,3.356,18.79,1.456,26.324,1.239
12,Dic,P_IMERG_mm,20,24.547,23.475,13.642,13.847,29.962,13.18,38.548,0.556
12,Dic,Caudal_m3s,19,191.42,140.677,103.433,117.899,268.742,97.022,350.632,0.54
12,Dic,Q_lamina_mm,19,105.95,77.865,57.25,65.257,148.748,53.701,194.074,0.54
12,Dic,Temp_C,20,9.782,9.686,1.056,9.053,10.418,8.532,11.201,
12,Dic,Temp_ERA5L_C,20,4.407,4.247,1.758,2.732,5.562,2.29,6.675,
