variable,prueba,p,q_fdr,signif_fdr
P_local_mm,OLS-HAC sobre a,0.0042668128263299,0.0073145362737084005,True
P_local_mm,MK Hamed-Rao sobre a,0.0257050537206755,0.028041876786191456,True
P_local_mm,Kendall estacional bootstrap sobre X,0.08095952023988,0.08095952023988,False
P_IMERG_mm,OLS-HAC sobre a,0.0036366194877189,0.0072732389754378,True
P_IMERG_mm,MK Hamed-Rao sobre a,0.0023546695133374,0.00565120683200976,True
P_IMERG_mm,Kendall estacional bootstrap sobre X,0.0134932533733133,0.01619190404797596,True
Caudal_m3s,OLS-HAC sobre a,4.485069230413427e-05,0.000506823794512723,True
Caudal_m3s,MK Hamed-Rao sobre a,8.447063241878716e-05,0.000506823794512723,True
Caudal_m3s,Kendall estacional bootstrap sobre X,0.0049975012493753,0.007496251874062949,True
Temp_C,OLS-HAC sobre a,0.0010645794208832,0.0042583176835328,True
Temp_C,MK Hamed-Rao sobre a,0.0021502562385686,0.00565120683200976,True
Temp_C,Kendall estacional bootstrap sobre X,0.0059970014992503,0.0079960019990004,True
