variable,unidad,prueba,configuracion,periodo,n_anios,ols_dec,ols_ic_inf,ols_ic_sup,ols_p_hac,sen_dec,sen_ic_inf,sen_ic_sup,mk_p_hr,loess_no_robusto_dec,loess_rango_robusto
P_local_mm,mm/mes por década,base,años hidrológicos completos del registro,1980-2019,40.0,-10.371615405628614,-15.54259371713898,-5.200637094118248,8.453361586658395e-05,-8.568101400038255,-17.81348292030433,-2.353585103883929,0.018022282186753058,,
P_local_mm,mm/mes por década,años extremos,"sin los 3 años más húmedos de P_L [1982, 1997, 1987]",1980-2019,37.0,-5.884694882678092,-10.278436649800003,-1.4909531155561817,0.008663634790779667,-5.778504202137054,-14.178730416617999,0.2932203545832464,0.07316393160579349,,
P_local_mm,mm/mes por década,años extremos,"sin los 3 años de mayor anomalía propia [1982, 1997, 1987]",1980-2019,37.0,-5.884694882678092,-10.278436649800003,-1.4909531155561817,0.008663634790779667,-5.778504202137054,-14.178730416617999,0.2932203545832464,0.07316393160579349,,
P_local_mm,mm/mes por década,periodo,periodo común (años hidrológicos 2000-2019),2000-2019,20.0,-24.30324642362676,-35.33735055172896,-13.26914229552456,1.5821219050461607e-05,-23.347441533725895,-41.365272767849405,-3.0417647328605586,0.010374262567202308,,
P_local_mm,mm/mes por década,fecha final,hasta 2009 (antes de la megasequía 2010+),1980-2009,30.0,-6.408132615176525,-15.112252290169256,2.2959870598162047,0.14903133146252784,-4.449549605866668,-19.54848926414656,10.0020649868343,0.5441196833389506,,
P_local_mm,mm/mes por década,fecha inicial,desde 1990 (sin la década húmeda de 1980),1990-2019,30.0,-8.182361763903462,-15.160449289616436,-1.204274238190487,0.021549645529077694,-7.364402542384302,-20.716286522253373,2.257929644825061,0.08676057117588454,,
P_local_mm,mm/mes por década,suavización LOESS,ventana 6 años (robusto / no robusto),1980-01 a 2020-03,40.2,,,,,-6.046782994142718,,,,-15.796419978379383,26.546984114267865
P_local_mm,mm/mes por década,suavización LOESS,ventana 10 años (robusto / no robusto),1980-01 a 2020-03,40.2,,,,,-4.087019448771673,,,,-14.82377048918757,17.563427216153976
P_local_mm,mm/mes por década,suavización LOESS,ventana 20 años (robusto / no robusto),1980-01 a 2020-03,40.2,,,,,-3.342293992022838,,,,-14.392886949479454,13.424880867958347
P_IMERG_mm,mm/mes por década,base,años hidrológicos completos del registro,2000-2019,20.0,-15.506226198024722,-23.586972454834214,-7.42547994121523,0.00016923892916533722,-14.506163035406793,-25.120925346524455,-3.4977537601640485,0.010374262567202308,,
P_IMERG_mm,mm/mes por década,años extremos,"sin los 3 años más húmedos de P_L [1982, 1997, 1987]",2000-2019,20.0,-15.506226198024722,-23.586972454834214,-7.42547994121523,0.00016923892916533722,-14.506163035406793,-25.120925346524455,-3.4977537601640485,0.010374262567202308,,
P_IMERG_mm,mm/mes por década,años extremos,"sin los 3 años de mayor anomalía propia [2002, 2005, 2001]",2000-2019,17.0,-9.091699858067322,-17.589791635287913,-0.5936080808467303,0.036004974677657384,-8.868224488423529,-21.95344585357249,1.7236737309330687,0.10816135477996869,,
P_IMERG_mm,mm/mes por década,periodo,periodo común (años hidrológicos 2000-2019),2000-2019,20.0,-15.506226198024722,-23.586972454834214,-7.42547994121523,0.00016923892916533722,-14.506163035406793,-25.120925346524455,-3.4977537601640485,0.010374262567202308,,
P_IMERG_mm,mm/mes por década,suavización LOESS,ventana 6 años (robusto / no robusto),2000-06 a 2020-03,19.8,,,,,-16.60854040256726,,,,-27.358578574637146,32.80186729507034
P_IMERG_mm,mm/mes por década,suavización LOESS,ventana 10 años (robusto / no robusto),2000-06 a 2020-03,19.8,,,,,-9.84416090272934,,,,-19.004062032963937,19.442217782890445
P_IMERG_mm,mm/mes por década,suavización LOESS,ventana 20 años (robusto / no robusto),2000-06 a 2020-03,19.8,,,,,-7.246400846350983,,,,-15.483720061131681,14.31164167154319
Caudal_m3s,m³/s por década,base,años hidrológicos completos del registro,1980-2019,38.0,-18.062306107715926,-25.263289100720012,-10.86132311471184,8.824044755065425e-07,-16.786014545850477,-28.355645139833015,-8.198993510120465,0.0005207574018217809,,
Caudal_m3s,m³/s por década,años extremos,"sin los 3 años más húmedos de P_L [1982, 1997, 1987]",1980-2019,36.0,-14.115153215260786,-20.473489802443645,-7.75681662807793,1.3551130105013536e-05,-14.285558766315765,-25.027472900017962,-5.59706348715896,0.001245927910190403,,
Caudal_m3s,m³/s por década,años extremos,"sin los 3 años de mayor anomalía propia [1982, 2005, 2002]",1980-2019,35.0,-15.702126476131351,-20.56713644093712,-10.837116511325585,2.517488149202516e-10,-15.624480926779313,-26.253689468705403,-6.494346648646928,0.0007640284202090619,,
Caudal_m3s,m³/s por década,periodo,periodo común (años hidrológicos 2000-2019),2000-2019,19.0,-45.83507787940901,-58.43932607200054,-33.23082968681748,1.0230709244742097e-12,-45.57952318129829,-73.11349459436249,-18.50750734943588,0.0010067137346150279,,
Caudal_m3s,m³/s por década,fecha final,hasta 2009 (antes de la megasequía 2010+),1980-2009,29.0,-9.410097202716429,-21.9747063623802,3.1545119569473448,0.14213437590157416,-8.199776987064046,-25.331536036186275,9.280366103430623,0.2684125627342089,,
Caudal_m3s,m³/s por década,fecha inicial,desde 1990 (sin la década húmeda de 1980),1990-2019,29.0,-17.56723107857159,-27.5247885908179,-7.609673566325287,0.0005446262531291636,-19.42451244634942,-33.39583208967116,-2.9782440660110225,0.011330460027788813,,
Caudal_m3s,m³/s por década,suavización LOESS,ventana 6 años (robusto / no robusto),1980-01 a 2020-04,40.2,,,,,-21.204439034218048,,,,-21.455636300661528,85.34786711272764
Caudal_m3s,m³/s por década,suavización LOESS,ventana 10 años (robusto / no robusto),1980-01 a 2020-04,40.2,,,,,-16.059215606436393,,,,-21.447638809112544,64.63834281590648
Caudal_m3s,m³/s por década,suavización LOESS,ventana 20 años (robusto / no robusto),1980-01 a 2020-04,40.2,,,,,-16.857563861440507,,,,-24.156275411562277,67.85169454229805
Temp_C,°C por década,base,años hidrológicos completos del registro,2000-2019,20.0,0.27851621010829825,-0.20586221916388622,0.7628946393804827,0.25975360927100577,0.2061179335265907,-0.33752645240708046,0.7077597504261046,0.31452486905097254,,
Temp_C,°C por década,años extremos,"sin los 3 años más húmedos de P_L [1982, 1997, 1987]",2000-2019,20.0,0.27851621010829825,-0.20586221916388622,0.7628946393804827,0.25975360927100577,0.2061179335265907,-0.33752645240708046,0.7077597504261046,0.31452486905097254,,
Temp_C,°C por década,años extremos,"sin los 3 años de mayor anomalía propia [2019, 2003, 2006]",2000-2018,17.0,0.2125048249405581,0.019093058836092865,0.4059165910450234,0.03128363990055568,0.2061179335265907,-0.17488420083319106,0.5824428764171863,0.20161232353469583,,
Temp_C,°C por década,periodo,periodo común (años hidrológicos 2000-2019),2000-2019,20.0,0.27851621010829825,-0.20586221916388622,0.7628946393804827,0.25975360927100577,0.2061179335265907,-0.33752645240708046,0.7077597504261046,0.31452486905097254,,
Temp_C,°C por década,suavización LOESS,ventana 6 años (robusto / no robusto),2000-06 a 2020-03,19.8,,,,,1.0653480882407493,,,,1.020469425825832,2.10406247427548
Temp_C,°C por década,suavización LOESS,ventana 10 años (robusto / no robusto),2000-06 a 2020-03,19.8,,,,,0.5639562192502383,,,,0.532037035201495,1.163952915537871
Temp_C,°C por década,suavización LOESS,ventana 20 años (robusto / no robusto),2000-06 a 2020-03,19.8,,,,,0.3019557801593784,,,,0.2728014317121888,0.6005946502137277
Caudal_m3s,m³/s por década,mes extremo,"mayo, con 1993",1980-2019,39.0,-10.72139094721781,-18.02450870154059,-3.4182731928950325,0.004010454435432113,-7.6354838709677395,-13.24565756823821,-1.5917096774193595,0.011074372816169742,,
Caudal_m3s,m³/s por década,mes extremo,"mayo, sin 1993",1980-2019,38.0,-7.873109030317479,-11.691189907524596,-4.055028153110363,5.3096364398296695e-05,-7.266793168880459,-12.199999999999989,-1.3049853372433906,0.012801754317165681,,
