variable_cuenca,campo,rezago_meses,metodo,mes,anios,n_pares,r_max_abs_pacifico,lat_max,lon_max_0_360,fraccion_area_abs_r_mayor_0.4,fraccion_area_signif_fdr,r_media_nino34,r_media_pnm_sepac,r_media_z500_chile
P_local_mm,sst,0,pearson,1,1980-2020,41,0.55,-54.0,127.0,0.005,0.0,-0.061,,
P_local_mm,sst,0,pearson,2,1980-2020,41,0.556,-12.0,271.0,0.007,0.0,0.025,,
P_local_mm,sst,0,pearson,3,1980-2020,41,-0.416,-5.0,274.0,0.001,0.0,-0.04,,
P_local_mm,sst,0,pearson,4,1980-2019,40,0.538,-8.0,216.0,0.031,0.0,0.315,,
P_local_mm,sst,0,pearson,5,1980-2019,40,-0.623,9.0,158.0,0.038,0.0,0.111,,
P_local_mm,sst,0,pearson,6,1980-2019,40,-0.61,-39.0,262.0,0.017,0.0,0.23,,
P_local_mm,sst,0,pearson,7,1980-2019,40,0.59,-58.0,232.0,0.02,0.0,0.216,,
P_local_mm,sst,0,pearson,8,1980-2019,40,-0.515,-47.0,186.0,0.015,0.0,0.356,,
P_local_mm,sst,0,pearson,9,1980-2019,40,-0.668,-27.0,211.0,0.082,0.0512,0.458,,
P_local_mm,sst,0,pearson,10,1980-2019,40,0.688,-35.0,287.0,0.144,0.1522,0.592,,
P_local_mm,sst,0,pearson,11,1980-2019,40,0.477,33.0,281.0,0.007,0.0,0.037,,
P_local_mm,sst,0,pearson,12,1980-2019,40,0.524,-54.0,226.0,0.003,0.0,0.134,,
P_local_mm,msl,0,pearson,1,1980-2020,41,0.317,20.0,261.0,0.0,0.0,,0.025,
P_local_mm,msl,0,pearson,2,1980-2020,41,-0.606,41.0,251.0,0.02,0.0,,-0.056,
P_local_mm,msl,0,pearson,3,1980-2020,41,-0.283,-30.0,227.0,0.0,0.0,,-0.004,
P_local_mm,msl,0,pearson,4,1980-2019,40,-0.666,-15.0,201.0,0.048,0.0098,,-0.383,
P_local_mm,msl,0,pearson,5,1980-2019,40,-0.791,-39.0,288.0,0.071,0.0436,,-0.61,
P_local_mm,msl,0,pearson,6,1980-2019,40,-0.774,-33.0,290.0,0.042,0.0143,,-0.468,
P_local_mm,msl,0,pearson,7,1980-2019,40,-0.796,-39.0,287.0,0.08,0.0569,,-0.618,
P_local_mm,msl,0,pearson,8,1980-2019,40,-0.707,-40.0,285.0,0.102,0.0839,,-0.591,
P_local_mm,msl,0,pearson,9,1980-2019,40,-0.678,-37.0,287.0,0.129,0.0669,,-0.547,
P_local_mm,msl,0,pearson,10,1980-2019,40,0.665,-3.0,122.0,0.154,0.1505,,-0.44,
P_local_mm,msl,0,pearson,11,1980-2019,40,0.431,46.0,248.0,0.006,0.0,,-0.175,
P_local_mm,msl,0,pearson,12,1980-2019,40,-0.623,-29.0,293.0,0.033,0.0,,-0.288,
P_local_mm,z500,0,pearson,1,1980-2020,41,0.391,34.0,255.0,0.0,0.0,,,0.037
P_local_mm,z500,0,pearson,2,1980-2020,41,0.544,18.0,226.0,0.019,0.0,,,-0.301
P_local_mm,z500,0,pearson,3,1980-2020,41,-0.517,-29.0,283.0,0.002,0.0,,,-0.325
P_local_mm,z500,0,pearson,4,1980-2019,40,-0.659,-38.0,285.0,0.048,0.0176,,,-0.582
P_local_mm,z500,0,pearson,5,1980-2019,40,-0.74,-38.0,277.0,0.099,0.0728,,,-0.564
P_local_mm,z500,0,pearson,6,1980-2019,40,-0.696,-41.0,287.0,0.036,0.0084,,,-0.518
P_local_mm,z500,0,pearson,7,1980-2019,40,-0.712,-38.0,281.0,0.034,0.004,,,-0.583
P_local_mm,z500,0,pearson,8,1980-2019,40,-0.677,-41.0,281.0,0.037,0.0077,,,-0.381
P_local_mm,z500,0,pearson,9,1980-2019,40,-0.577,-40.0,283.0,0.02,0.0,,,-0.39
P_local_mm,z500,0,pearson,10,1980-2019,40,-0.692,-37.0,282.0,0.104,0.0745,,,-0.591
P_local_mm,z500,0,pearson,11,1980-2019,40,-0.462,-37.0,300.0,0.006,0.0,,,-0.299
P_local_mm,z500,0,pearson,12,1980-2019,40,-0.533,-38.0,285.0,0.023,0.0,,,-0.435
Caudal_m3s,sst,0,pearson,1,1980-2020,40,-0.731,11.0,165.0,0.163,0.1998,0.452,,
Caudal_m3s,sst,0,pearson,2,1980-2020,40,-0.752,11.0,165.0,0.161,0.2022,0.353,,
Caudal_m3s,sst,0,pearson,3,1980-2020,40,0.782,-55.0,221.0,0.153,0.1941,0.353,,
Caudal_m3s,sst,0,pearson,4,1980-2020,39,0.739,-59.0,235.0,0.134,0.1512,0.355,,
Caudal_m3s,sst,0,pearson,5,1980-2019,39,-0.636,-31.0,205.0,0.042,0.0,0.235,,
Caudal_m3s,sst,0,pearson,6,1980-2019,39,-0.764,-27.0,209.0,0.063,0.0154,0.258,,
Caudal_m3s,sst,0,pearson,7,1980-2019,39,-0.711,-32.0,219.0,0.111,0.0495,0.345,,
Caudal_m3s,sst,0,pearson,8,1980-2019,39,-0.66,-31.0,219.0,0.125,0.0954,0.441,,
Caudal_m3s,sst,0,pearson,9,1980-2019,39,-0.717,-4.0,152.0,0.192,0.2287,0.581,,
Caudal_m3s,sst,0,pearson,10,1980-2019,39,-0.66,-32.0,218.0,0.109,0.0,0.26,,
Caudal_m3s,sst,0,pearson,11,1980-2019,38,-0.659,-30.0,217.0,0.055,0.0,0.282,,
Caudal_m3s,sst,0,pearson,12,1980-2019,39,0.697,-17.0,265.0,0.103,0.0641,0.337,,
Caudal_m3s,msl,0,pearson,1,1980-2020,40,-0.615,-13.0,242.0,0.171,0.2387,,-0.372,
Caudal_m3s,msl,0,pearson,2,1980-2020,40,-0.724,-15.0,244.0,0.117,0.1408,,-0.176,
Caudal_m3s,msl,0,pearson,3,1980-2020,40,-0.622,16.0,280.0,0.108,0.0806,,-0.298,
Caudal_m3s,msl,0,pearson,4,1980-2020,39,-0.74,-14.0,212.0,0.138,0.1326,,-0.315,
Caudal_m3s,msl,0,pearson,5,1980-2019,39,-0.497,39.0,231.0,0.014,0.0,,-0.136,
Caudal_m3s,msl,0,pearson,6,1980-2019,39,-0.467,15.0,268.0,0.011,0.0,,-0.264,
Caudal_m3s,msl,0,pearson,7,1980-2019,39,-0.626,-19.0,254.0,0.102,0.0369,,-0.426,
Caudal_m3s,msl,0,pearson,8,1980-2019,39,-0.64,-7.0,234.0,0.091,0.0737,,-0.375,
Caudal_m3s,msl,0,pearson,9,1980-2019,39,-0.569,3.0,245.0,0.16,0.1454,,-0.353,
Caudal_m3s,msl,0,pearson,10,1980-2019,39,-0.432,-39.0,240.0,0.01,0.0,,-0.164,
Caudal_m3s,msl,0,pearson,11,1980-2019,38,-0.478,42.0,271.0,0.059,0.0,,-0.141,
Caudal_m3s,msl,0,pearson,12,1980-2019,39,-0.636,-21.0,260.0,0.085,0.0391,,-0.338,
Caudal_m3s,z500,0,pearson,1,1980-2020,40,-0.492,48.0,200.0,0.042,0.0,,,-0.123
Caudal_m3s,z500,0,pearson,2,1980-2020,40,-0.616,21.0,266.0,0.038,0.0033,,,0.05
Caudal_m3s,z500,0,pearson,3,1980-2020,40,-0.68,29.0,253.0,0.039,0.0085,,,-0.15
Caudal_m3s,z500,0,pearson,4,1980-2020,39,-0.64,27.0,237.0,0.058,0.027,,,-0.434
Caudal_m3s,z500,0,pearson,5,1980-2019,39,-0.474,30.0,264.0,0.008,0.0,,,-0.296
Caudal_m3s,z500,0,pearson,6,1980-2019,39,-0.547,34.0,222.0,0.015,0.0,,,-0.147
Caudal_m3s,z500,0,pearson,7,1980-2019,39,-0.614,-30.0,201.0,0.05,0.0149,,,-0.298
Caudal_m3s,z500,0,pearson,8,1980-2019,39,-0.519,-18.0,199.0,0.029,0.019,,,-0.194
Caudal_m3s,z500,0,pearson,9,1980-2019,39,-0.515,-22.0,197.0,0.023,0.0,,,-0.27
Caudal_m3s,z500,0,pearson,10,1980-2019,39,-0.469,-44.0,228.0,0.012,0.0,,,0.041
Caudal_m3s,z500,0,pearson,11,1980-2019,38,-0.51,28.0,269.0,0.007,0.0,,,-0.074
Caudal_m3s,z500,0,pearson,12,1980-2019,39,-0.483,-28.0,216.0,0.031,0.0,,,-0.029
Caudal_m3s,sst,6,pearson,1,1980-2020,40,-0.645,-18.0,163.0,0.097,0.0807,0.334,,
Caudal_m3s,sst,6,pearson,2,1980-2020,40,-0.624,-30.0,207.0,0.094,0.0573,0.32,,
Caudal_m3s,sst,6,pearson,3,1980-2020,40,-0.756,-31.0,207.0,0.154,0.1988,0.411,,
Caudal_m3s,sst,6,pearson,4,1980-2020,39,-0.757,-31.0,206.0,0.173,0.2235,0.49,,
Caudal_m3s,sst,6,pearson,5,1980-2019,39,-0.664,13.0,131.0,0.058,0.0125,0.099,,
Caudal_m3s,sst,6,pearson,6,1980-2019,39,-0.564,16.0,155.0,0.031,0.0,0.216,,
Caudal_m3s,sst,6,pearson,7,1980-2019,39,-0.568,39.0,129.0,0.024,0.0,0.23,,
Caudal_m3s,sst,6,pearson,8,1980-2019,39,-0.561,-37.0,127.0,0.018,0.0,0.165,,
Caudal_m3s,sst,6,pearson,9,1980-2019,39,-0.594,-37.0,127.0,0.016,0.0,0.1,,
Caudal_m3s,sst,6,pearson,10,1980-2019,39,-0.646,-27.0,165.0,0.028,0.0,0.127,,
Caudal_m3s,sst,6,pearson,11,1980-2019,38,-0.602,-28.0,164.0,0.04,0.0,0.127,,
Caudal_m3s,sst,6,pearson,12,1980-2019,39,-0.589,-35.0,204.0,0.071,0.0,0.269,,
P_local_mm,sst,0,spearman,1,1980-2020,41,0.591,-54.0,127.0,0.007,0.0,-0.192,,
P_local_mm,sst,0,spearman,2,1980-2020,41,0.503,-16.0,278.0,0.003,0.0,-0.011,,
P_local_mm,sst,0,spearman,3,1980-2020,41,-0.553,-45.0,121.0,0.005,0.0,-0.111,,
P_local_mm,sst,0,spearman,4,1980-2019,40,-0.546,-25.0,196.0,0.026,0.0,0.137,,
P_local_mm,sst,0,spearman,5,1980-2019,40,0.593,-19.0,267.0,0.036,0.0,0.201,,
P_local_mm,sst,0,spearman,6,1980-2019,40,-0.586,27.0,129.0,0.01,0.0,0.252,,
P_local_mm,sst,0,spearman,7,1980-2019,40,-0.681,-18.0,156.0,0.029,0.0001,0.126,,
P_local_mm,sst,0,spearman,8,1980-2019,40,-0.503,-52.0,266.0,0.005,0.0,0.267,,
P_local_mm,sst,0,spearman,9,1980-2019,40,-0.665,-27.0,211.0,0.058,0.0076,0.417,,
P_local_mm,sst,0,spearman,10,1980-2019,40,-0.684,-26.0,218.0,0.127,0.1272,0.566,,
P_local_mm,sst,0,spearman,11,1980-2019,40,-0.532,-27.0,184.0,0.009,0.0,0.169,,
P_local_mm,sst,0,spearman,12,1980-2019,40,0.583,37.0,175.0,0.006,0.0,0.149,,
Caudal_m3s,sst,0,spearman,1,1980-2020,40,-0.744,11.0,165.0,0.133,0.1354,0.329,,
Caudal_m3s,sst,0,spearman,2,1980-2020,40,-0.729,11.0,165.0,0.118,0.1116,0.259,,
Caudal_m3s,sst,0,spearman,3,1980-2020,40,-0.716,12.0,157.0,0.104,0.0706,0.228,,
Caudal_m3s,sst,0,spearman,4,1980-2020,39,0.694,-59.0,235.0,0.082,0.0575,0.27,,
Caudal_m3s,sst,0,spearman,5,1980-2019,39,-0.705,47.0,183.0,0.066,0.0194,0.109,,
Caudal_m3s,sst,0,spearman,6,1980-2019,39,-0.797,-27.0,209.0,0.073,0.024,0.275,,
Caudal_m3s,sst,0,spearman,7,1980-2019,39,-0.746,-32.0,219.0,0.102,0.0277,0.294,,
Caudal_m3s,sst,0,spearman,8,1980-2019,39,0.68,-19.0,254.0,0.102,0.0208,0.331,,
Caudal_m3s,sst,0,spearman,9,1980-2019,39,0.682,-23.0,279.0,0.152,0.1702,0.474,,
Caudal_m3s,sst,0,spearman,10,1980-2019,39,-0.664,-33.0,214.0,0.1,0.0,0.229,,
Caudal_m3s,sst,0,spearman,11,1980-2019,38,-0.695,-33.0,210.0,0.067,0.0,0.222,,
Caudal_m3s,sst,0,spearman,12,1980-2019,39,0.723,-17.0,268.0,0.074,0.0272,0.266,,
