variable,mes,periodo,n,ols_slope_dec,ols_ci_low_hac_dec,ols_ci_high_hac_dec,ols_p_hac,q_ols_hac,mk_sen_dec,mk_sen_low_hr_dec,mk_sen_high_hr_dec,mk_p_mk_hr,q_mk_hr,signif_ols_sin_fdr,signif_ols_fdr,signif_mk_sin_fdr,signif_mk_fdr
P_local_mm,1,1980-2020,41,1.1716538554006974,-0.5525439678088246,2.8958516786102195,0.182904434820792,0.29575928676096164,0.9075378405797104,-1.0788471428571431,3.063283636363636,0.3629348581647142,0.5619636513518155,False,False,False,False
P_local_mm,2,1980-2020,41,1.17876443554007,-1.3635924112315672,3.721121282311708,0.3634885311456153,0.4949226210239144,0.592628333333333,-1.6596475000000002,3.3153428571428565,0.5667605869699317,0.7159081098567559,False,False,False,False
P_local_mm,3,1980-2020,41,-2.0201586236933804,-4.651839724780988,0.6115224773942283,0.1324454457404091,0.227049335554987,-0.4071574285714286,-4.398512500000001,1.020081875,0.5308019596471591,0.7158690604065043,False,False,False,False
P_local_mm,4,1980-2020,41,-7.105909986062718,-29.571252398348737,15.359432426223304,0.535292504653997,0.6423510055847964,-6.233215485347985,-14.356422666666669,1.427447222222224,0.1184672761668572,0.2374806900353614,False,False,False,False
P_local_mm,5,1980-2019,40,-31.26859411819887,-54.02782598691424,-8.509362249483502,0.0070861679942809,0.017901898090814907,-24.46448650154799,-66.71782285714288,5.343306451612904,0.1187403450176807,0.2374806900353614,True,True,False,False
P_local_mm,6,1980-2019,40,-25.43419398311445,-53.5692995606309,2.700911594401996,0.0764258496085154,0.13586817708180515,-10.8727059469697,-44.29452599999999,14.43926344827586,0.5216481488445233,0.7158690604065043,False,False,False,False
P_local_mm,7,1980-2019,40,-40.70188440619137,-66.99511056682243,-14.40865824556029,0.0024131680366561,0.00772213771729952,-24.97998265873016,-53.42296571428572,0.1209178571428586,0.0489502385996529,0.13821243839901995,True,True,True,False
P_local_mm,8,1980-2019,40,-11.147256595684802,-35.57934598884319,13.28483279747358,0.3711919657679358,0.4949226210239144,-9.266343412698411,-35.199873636363634,14.303885862068968,0.5216481488445233,0.7158690604065043,False,False,False,False
P_local_mm,9,1980-2019,40,-13.939818875234522,-26.828633283287605,-1.05100446718144,0.0340240008612155,0.06532608165353376,-10.760156682692305,-31.189391153846152,8.021389354838709,0.2046317395425734,0.3837356371506215,True,False,False,False
P_local_mm,10,1980-2019,40,1.6131451013133202,-8.402858690346271,11.62914889297291,0.752256456983914,0.827108391938368,0.7493383506944441,-6.2801800000000005,8.423797499999997,0.7887194899032053,0.9013937027465203,False,False,False,False
P_local_mm,11,1980-2019,40,1.416907176360227,-1.6236904592210422,4.457504811941496,0.3610658968777346,0.4949226210239144,0.4528062181663838,-3.068324444444444,4.084578275862069,0.7530821359358961,0.8816571347542199,False,False,False,False
P_local_mm,12,1980-2019,40,1.22977824108818,-2.5830791248475244,5.042635607023884,0.5272848768583194,0.6423510055847964,0.6321303320683112,-2.315162580645161,3.402373888888888,0.5523765052635039,0.7159081098567559,False,False,False,False
P_IMERG_mm,1,2001-2020,20,-4.41119205263158,-8.845802323281326,0.0234182180181674,0.0512221627370064,0.09456399274524259,-6.25266266233766,-12.533485555555554,0.2537466666666669,0.0555929748188697,0.1482479328503192,False,False,False,False
P_IMERG_mm,2,2001-2020,20,2.559028962406015,-3.612391873232266,8.730449798044296,0.4163816354461359,0.5401707703085006,-0.1855485714285715,-6.045221333333332,7.619803636363636,0.9741177473553712,0.9907040297231748,False,False,False,False
P_IMERG_mm,3,2001-2020,20,-10.050583375939848,-16.629391232589626,-3.471775519290067,0.0027509491914162,0.007925812877406494,-7.343468611111112,-18.961652777777783,1.02942125,0.085514805630515,0.20523553351323598,True,True,False,False
P_IMERG_mm,4,2001-2019,19,5.980382280701749,-32.092199806896254,44.05296436829976,0.7581826926101707,0.827108391938368,-7.380188,-21.490055714285717,5.455649999999999,0.3272855802219552,0.5236569283551283,False,False,False,False
P_IMERG_mm,5,2001-2019,19,-30.948723228070197,-55.14193491593545,-6.7555115402049415,0.0121675290017393,0.027811494861118398,-22.27511,-66.558744,16.491566153846154,0.2078568034565866,0.3837356371506215,True,True,False,False
P_IMERG_mm,6,2000-2019,20,-66.95977261654137,-94.80439104360184,-39.11515418948092,2.4379270363801965e-06,2.90219945224124e-05,-67.59825783333335,-133.345855,-7.952424545454551,0.0349550726436305,0.1048652179308915,True,True,True,False
P_IMERG_mm,7,2000-2019,20,-37.99327633082707,-67.53466616028754,-8.451886501366598,0.0117116342075427,0.027811494861118398,-21.389496999999995,-60.779229999999984,3.2913214285714583,0.097993790603023,0.223985807092624,True,True,False,False
P_IMERG_mm,8,2000-2019,20,-22.51569681203009,-63.74566907295022,18.71427544889005,0.284467754595107,0.42670163189266047,-26.08173020833332,-82.10642166666666,33.06341400000002,0.2299690777236405,0.40883391595313867,False,False,False,False
P_IMERG_mm,9,2000-2019,20,-12.257735353383456,-32.313276500449035,7.797805793682119,0.2309523177964374,0.3576035888460966,-10.35256455555556,-32.250096666666664,6.652256666666668,0.3810323854843429,0.5715485782265144,False,False,False,False
P_IMERG_mm,10,2000-2019,20,6.322639150375943,-9.5596015614008,22.204879862152687,0.4352427474271116,0.5497803125395094,0.7221481249999995,-13.136295,16.15764,0.9224620671867604,0.9625691135861847,False,False,False,False
P_IMERG_mm,11,2000-2019,20,-6.4779722556391,-11.928469809957967,-1.02747470132023,0.0198359109172146,0.041396683653317425,-5.922578857142855,-16.814229999999995,3.1896623076923065,0.2843217140080183,0.48740865258517424,True,True,False,False
P_IMERG_mm,12,2000-2019,20,-9.113117781954893,-15.721940262946251,-2.5042953009635296,0.006878761783206,0.017901898090814907,-9.861565476190474,-19.25281777777778,-0.7691949999999993,0.0251783328028598,0.08057066496915136,True,True,True,False
Caudal_m3s,1,1980-2020,40,-41.008594920785335,-57.89059009390167,-24.126599747669,1.926253000331685e-06,2.90219945224124e-05,-37.01377718749999,-59.01634439999999,-15.148209310344829,0.0008262531585825,0.0155030672686872,True,True,True,True
Caudal_m3s,2,1980-2020,40,-29.04767422519847,-41.81460850465536,-16.28073994574159,8.220356807740027e-06,6.576285446192022e-05,-23.354827600000007,-37.09184740740741,-10.563880740740744,0.0011042983954032,0.0155030672686872,True,True,True,True
Caudal_m3s,3,1980-2020,39,-16.662710036379277,-23.457386038717537,-9.868034034041017,1.5362923881276262e-06,2.90219945224124e-05,-14.485273478260872,-23.395161250000008,-5.691756666666679,0.0012919222723906,0.0155030672686872,True,True,True,True
Caudal_m3s,4,1980-2020,39,-9.228877812947596,-14.261656080260474,-4.196099545634717,0.0003255248023429,0.0012019377317276309,-7.657291562499999,-15.096551724137932,-1.6972222222222222,0.0177406542409388,0.0716779657511592,True,True,True,False
Caudal_m3s,5,1980-2019,37,-8.111771757360149,-11.866276772831943,-4.3572667418883535,2.289714859170125e-05,0.00013738289155020751,-7.389540606060607,-12.87096833333334,-1.2701612499999992,0.0179194914377898,0.0716779657511592,True,True,True,False
Caudal_m3s,6,1980-2019,38,-6.349738454319748,-11.354085637651629,-1.3453912709878668,0.0128865402624454,0.02811608784533542,-5.918840434782611,-12.383333333333333,-1.1246151999999996,0.013736033704724,0.0659329617826752,True,True,True,False
Caudal_m3s,7,1980-2019,39,-10.679085262180983,-15.16174444182357,-6.196426082538395,3.0231244294179586e-06,2.90219945224124e-05,-10.350230714285711,-17.252199090909095,-3.610215000000003,0.0034176153073119,0.023001666550742404,True,True,True,True
Caudal_m3s,8,1980-2019,39,-7.662865972309101,-11.62139198178351,-3.704339962834691,0.0001481953679841,0.0005927814719364,-7.671216153846157,-13.461799473684206,-1.7894736842105254,0.0110743728161697,0.0590633216862384,True,True,True,False
Caudal_m3s,9,1980-2019,39,-7.975692214314536,-11.762569048007306,-4.188815380621767,3.65998534191004e-05,0.00018272643208616716,-8.32151888888889,-13.189215588235294,-1.0369046428571416,0.0244477841885701,0.08057066496915136,True,True,True,False
Caudal_m3s,10,1980-2019,38,-13.460632647947,-19.64120722724047,-7.280058068653529,1.9671012448123507e-05,0.00013488694250141832,-14.99494884615384,-23.839638181818184,-4.809256956521738,0.0038336110917904,0.023001666550742404,True,True,True,True
Caudal_m3s,11,1980-2019,37,-21.525987588999666,-32.40446535630933,-10.647509821690006,0.0001051825914308,0.0004589785807889455,-23.78155859237537,-39.56984095238095,-9.876666999999998,0.0029886197596862,0.023001666550742404,True,True,True,True
Caudal_m3s,12,1980-2019,38,-42.63233650471562,-62.91876732628482,-22.34590568314641,3.806800668461816e-05,0.00018272643208616716,-43.17972428571429,-65.16129,-11.158357727272724,0.0032628350391932,0.023001666550742404,True,True,True,True
Temp_C,1,1980-2020,41,0.5031073972125439,0.368369179088015,0.6378456153370728,2.5088659717457333e-13,1.204255666437952e-11,0.495242222222223,0.2873036363636365,0.7296008333333333,2.531455538257177e-05,0.0012150986583634449,True,True,True,True
Temp_C,2,1980-2020,41,0.2519924738675969,0.0366907120654064,0.4672942356697873,0.0217921177845114,0.0435842355690228,0.2750113756613754,0.0497000000000014,0.5290578947368421,0.0226027402629607,0.08057066496915136,True,True,True,False
Temp_C,3,1980-2020,41,0.147221820557492,-0.0703920117495299,0.364835652864514,0.184849554225601,0.29575928676096164,0.1608737121212125,-0.1277642857142856,0.4606277777777783,0.3067305590248952,0.5076919597653439,False,False,False,False
Temp_C,4,1980-2020,41,0.4771493919860626,0.1641774039858526,0.7901213799862725,0.0028070587274148,0.007925812877406494,0.4693460470588235,-0.0828787499999998,1.0433058823529413,0.081572821903967,0.20523553351323598,True,True,False,False
Temp_C,5,1980-2019,40,0.4670554652908066,0.167183945752379,0.7669269848292343,0.0022680740598973,0.00772213771729952,0.4685678629032256,-0.0826158823529413,0.992769642857143,0.1104459923640539,0.2374806900353614,True,True,False,False
Temp_C,6,1980-2019,40,0.0328238508442775,-0.3436328347440441,0.4092805364325992,0.864308416557892,0.8882437397037348,-0.0435030341880341,-0.4167874999999999,0.3380090476190476,0.7530821359358961,0.8816571347542199,False,False,False,False
Temp_C,7,1980-2019,40,-0.032370404315197,-0.3188546906051507,0.2541138819747566,0.8247342336628005,0.8797165159069872,0.0745406410256411,-0.2947671428571428,0.3492333333333333,0.5369017953048782,0.7158690604065043,False,False,False,False
Temp_C,8,1980-2019,40,-0.0137921078799249,-0.3593026096270633,0.3317183938672133,0.9376387716669335,0.9376387716669335,0.0356410714285714,-0.2976666666666667,0.3520228571428572,0.8612638836213089,0.9395606003141552,False,False,False,False
Temp_C,9,1980-2019,40,0.1465537767354597,-0.1590710213796214,0.4521785748505409,0.347296760663648,0.4949226210239144,0.095152925021796,-0.2778576923076923,0.5724740000000001,0.5839675342063331,0.718729272869333,False,False,False,False
Temp_C,10,1980-2019,40,0.0182249699812383,-0.1995943284752462,0.2360442684377228,0.8697386617932403,0.8882437397037348,0.0231035,-0.2161014285714285,0.3276406249999999,0.8612638836213089,0.9395606003141552,False,False,False,False
Temp_C,11,1980-2019,40,0.0637380656660412,-0.2328366936064609,0.3603128249385434,0.6735917502696056,0.7698191431652636,0.002920476190476,-0.310656923076923,0.3621666666666667,0.9907040297231748,0.9907040297231748,False,False,False,False
Temp_C,12,1980-2019,40,0.0520768696060038,-0.1401615123294303,0.2443152515414381,0.5954540769992037,0.6971169681941898,0.0292750909090904,-0.2567224999999995,0.3945948148148153,0.8980212621322816,0.9578893462744337,False,False,False,False
