task,predictor,outer_fold,candidate_model,fit_period_start,fit_period_end,tuning_period_start,tuning_period_end,tuning_n,tuning_bias,tuning_mae,tuning_rmse,intercept,slope,smearing_factor,negative_predictions_before_clipping,selected_on_inner_tuning,candidate_lag_months,fit_n,outer_training_end,raw_regression_intercept,raw_regression_slope,anomaly_model_intercept,anomaly_model_slope
estimar_precipitacion_local,P_IMERG_mm,bloque_1,Lineal corregido,2000-06,2006-12,2007-01,2009-12,36,7.202920,36.429270,53.346835,-23.414458,1.565281,,5.000000,True,,,,,,,
estimar_precipitacion_local,P_IMERG_mm,bloque_1,Log-lineal corregido,2000-06,2006-12,2007-01,2009-12,36,15.237140,37.561977,55.314642,-1.702405,1.361687,1.371792,0.000000,False,,,,,,,
estimar_precipitacion_local,P_IMERG_mm,bloque_1,seleccion_final_reajustada,2000-06,2009-12,2007-01,2009-12,36,,36.429270,,-22.267410,1.520062,,12.000000,True,,,,,,,
estimar_caudal,P_local_mm,bloque_1,Regresión de anomalías con rezago,1980-01,2006-12,2007-01,2009-12,35,19.454956,28.922358,42.111943,,,,,False,0.000000,314.000000,2009-12,138.426318,-0.200007,-0.090030,0.295610
estimar_caudal,P_local_mm,bloque_1,Regresión de anomalías con rezago,1980-01,2006-12,2007-01,2009-12,35,19.513831,30.056547,42.433813,,,,,False,1.000000,313.000000,2009-12,138.426318,-0.200007,-0.090030,0.295610
estimar_caudal,P_local_mm,bloque_1,Regresión de anomalías con rezago,1980-01,2006-12,2007-01,2009-12,35,19.387855,31.981855,43.208509,,,,,False,2.000000,312.000000,2009-12,138.426318,-0.200007,-0.090030,0.295610
estimar_caudal,P_local_mm,bloque_1,Regresión de anomalías con rezago,1980-01,2006-12,2007-01,2009-12,35,18.891003,30.334905,41.412684,,,,,False,3.000000,311.000000,2009-12,138.426318,-0.200007,-0.090030,0.295610
estimar_caudal,P_local_mm,bloque_1,Regresión de anomalías con rezago,1980-01,2006-12,2007-01,2009-12,35,17.913367,30.094063,40.718358,,,,,False,4.000000,310.000000,2009-12,138.426318,-0.200007,-0.090030,0.295610
estimar_caudal,P_local_mm,bloque_1,Regresión de anomalías con rezago,1980-01,2006-12,2007-01,2009-12,35,17.388198,31.060998,42.883863,,,,,False,5.000000,309.000000,2009-12,138.426318,-0.200007,-0.090030,0.295610
estimar_caudal,P_local_mm,bloque_1,Regresión de anomalías con rezago,1980-01,2006-12,2007-01,2009-12,35,20.146410,28.466573,45.245503,,,,,True,6.000000,308.000000,2009-12,138.426318,-0.200007,-0.090030,0.295610
estimar_caudal,P_local_mm,bloque_1,Regresión de anomalías con rezago,1980-01,2006-12,2007-01,2009-12,35,19.813642,31.269681,45.297519,,,,,False,7.000000,307.000000,2009-12,138.426318,-0.200007,-0.090030,0.295610
estimar_caudal,P_local_mm,bloque_1,Regresión de anomalías con rezago,1980-01,2006-12,2007-01,2009-12,35,19.506747,34.124884,46.726980,,,,,False,8.000000,306.000000,2009-12,138.426318,-0.200007,-0.090030,0.295610
estimar_caudal,P_local_mm,bloque_1,Regresión de anomalías con rezago,1980-01,2006-12,2007-01,2009-12,35,19.701952,32.709494,43.881903,,,,,False,9.000000,305.000000,2009-12,138.426318,-0.200007,-0.090030,0.295610
estimar_caudal,P_local_mm,bloque_1,Regresión de anomalías con rezago,1980-01,2006-12,2007-01,2009-12,35,19.492651,31.019174,42.594541,,,,,False,10.000000,304.000000,2009-12,138.426318,-0.200007,-0.090030,0.295610
estimar_caudal,P_local_mm,bloque_1,Regresión de anomalías con rezago,1980-01,2006-12,2007-01,2009-12,35,19.539292,30.568625,42.188678,,,,,False,11.000000,303.000000,2009-12,138.426318,-0.200007,-0.090030,0.295610
estimar_caudal,P_local_mm,bloque_1,Regresión de anomalías con rezago,1980-01,2006-12,2007-01,2009-12,35,19.289204,29.898156,41.950421,,,,,False,12.000000,302.000000,2009-12,138.426318,-0.200007,-0.090030,0.295610
estimar_caudal,P_IMERG_mm,bloque_1,Regresión de anomalías con rezago,2000-06,2006-12,2007-01,2009-12,35,32.200503,38.441721,49.312586,,,,,False,0.000000,79.000000,2009-12,159.374801,-0.461605,3.413085,0.475139
estimar_caudal,P_IMERG_mm,bloque_1,Regresión de anomalías con rezago,2000-06,2006-12,2007-01,2009-12,35,32.582353,39.076160,49.506157,,,,,False,1.000000,78.000000,2009-12,159.374801,-0.461605,3.413085,0.475139
estimar_caudal,P_IMERG_mm,bloque_1,Regresión de anomalías con rezago,2000-06,2006-12,2007-01,2009-12,35,32.691490,39.469460,49.678796,,,,,False,2.000000,77.000000,2009-12,159.374801,-0.461605,3.413085,0.475139
estimar_caudal,P_IMERG_mm,bloque_1,Regresión de anomalías con rezago,2000-06,2006-12,2007-01,2009-12,35,31.689510,38.362687,48.616681,,,,,False,3.000000,76.000000,2009-12,159.374801,-0.461605,3.413085,0.475139
estimar_caudal,P_IMERG_mm,bloque_1,Regresión de anomalías con rezago,2000-06,2006-12,2007-01,2009-12,35,31.300739,38.210378,48.418271,,,,,False,4.000000,75.000000,2009-12,159.374801,-0.461605,3.413085,0.475139
estimar_caudal,P_IMERG_mm,bloque_1,Regresión de anomalías con rezago,2000-06,2006-12,2007-01,2009-12,35,30.235723,38.203740,48.696199,,,,,False,5.000000,74.000000,2009-12,159.374801,-0.461605,3.413085,0.475139
estimar_caudal,P_IMERG_mm,bloque_1,Regresión de anomalías con rezago,2000-06,2006-12,2007-01,2009-12,35,32.658225,38.370240,49.950607,,,,,False,6.000000,73.000000,2009-12,159.374801,-0.461605,3.413085,0.475139
estimar_caudal,P_IMERG_mm,bloque_1,Regresión de anomalías con rezago,2000-06,2006-12,2007-01,2009-12,35,30.329979,36.970954,47.731704,,,,,True,7.000000,72.000000,2009-12,159.374801,-0.461605,3.413085,0.475139
estimar_caudal,P_IMERG_mm,bloque_1,Regresión de anomalías con rezago,2000-06,2006-12,2007-01,2009-12,35,29.750036,38.498540,48.295967,,,,,False,8.000000,71.000000,2009-12,159.374801,-0.461605,3.413085,0.475139
estimar_caudal,P_IMERG_mm,bloque_1,Regresión de anomalías con rezago,2000-06,2006-12,2007-01,2009-12,35,29.648669,37.511270,48.146158,,,,,False,9.000000,70.000000,2009-12,159.374801,-0.461605,3.413085,0.475139
estimar_caudal,P_IMERG_mm,bloque_1,Regresión de anomalías con rezago,2000-06,2006-12,2007-01,2009-12,35,30.113244,37.191435,48.268866,,,,,False,10.000000,69.000000,2009-12,159.374801,-0.461605,3.413085,0.475139
estimar_caudal,P_IMERG_mm,bloque_1,Regresión de anomalías con rezago,2000-06,2006-12,2007-01,2009-12,35,30.312051,37.611694,48.639544,,,,,False,11.000000,68.000000,2009-12,159.374801,-0.461605,3.413085,0.475139
estimar_caudal,P_IMERG_mm,bloque_1,Regresión de anomalías con rezago,2000-06,2006-12,2007-01,2009-12,35,31.165119,38.109091,48.499886,,,,,False,12.000000,67.000000,2009-12,159.374801,-0.461605,3.413085,0.475139
estimar_precipitacion_local,P_IMERG_mm,bloque_2,Lineal corregido,2000-06,2009-12,2010-01,2012-12,36,8.701597,21.943750,31.793663,-22.267410,1.520062,,12.000000,False,,,,,,,
estimar_precipitacion_local,P_IMERG_mm,bloque_2,Log-lineal corregido,2000-06,2009-12,2010-01,2012-12,36,12.288528,21.124802,32.432839,-1.571011,1.315047,1.435593,0.000000,True,,,,,,,
estimar_precipitacion_local,P_IMERG_mm,bloque_2,seleccion_final_reajustada,2000-06,2012-12,2010-01,2012-12,36,,21.124802,,-1.393943,1.273056,1.384088,0.000000,True,,,,,,,
estimar_caudal,P_local_mm,bloque_2,Regresión de anomalías con rezago,1980-01,2009-12,2010-01,2012-12,36,46.698948,47.352146,64.068910,,,,,False,0.000000,349.000000,2012-12,132.286390,-0.187372,-0.257544,0.339048
estimar_caudal,P_local_mm,bloque_2,Regresión de anomalías con rezago,1980-01,2009-12,2010-01,2012-12,36,46.416721,46.745226,63.333361,,,,,False,1.000000,348.000000,2012-12,132.286390,-0.187372,-0.257544,0.339048
estimar_caudal,P_local_mm,bloque_2,Regresión de anomalías con rezago,1980-01,2009-12,2010-01,2012-12,36,46.437463,46.727272,62.915625,,,,,False,2.000000,347.000000,2012-12,132.286390,-0.187372,-0.257544,0.339048
estimar_caudal,P_local_mm,bloque_2,Regresión de anomalías con rezago,1980-01,2009-12,2010-01,2012-12,36,43.995822,44.357138,59.904909,,,,,False,3.000000,346.000000,2012-12,132.286390,-0.187372,-0.257544,0.339048
estimar_caudal,P_local_mm,bloque_2,Regresión de anomalías con rezago,1980-01,2009-12,2010-01,2012-12,36,43.820072,44.057830,58.481524,,,,,False,4.000000,345.000000,2012-12,132.286390,-0.187372,-0.257544,0.339048
estimar_caudal,P_local_mm,bloque_2,Regresión de anomalías con rezago,1980-01,2009-12,2010-01,2012-12,36,43.179135,43.406676,55.671482,,,,,False,5.000000,344.000000,2012-12,132.286390,-0.187372,-0.257544,0.339048
estimar_caudal,P_local_mm,bloque_2,Regresión de anomalías con rezago,1980-01,2009-12,2010-01,2012-12,36,41.895110,42.226922,54.266574,,,,,False,6.000000,343.000000,2012-12,132.286390,-0.187372,-0.257544,0.339048
estimar_caudal,P_local_mm,bloque_2,Regresión de anomalías con rezago,1980-01,2009-12,2010-01,2012-12,36,40.803064,42.034299,53.308771,,,,,True,7.000000,342.000000,2012-12,132.286390,-0.187372,-0.257544,0.339048
estimar_caudal,P_local_mm,bloque_2,Regresión de anomalías con rezago,1980-01,2009-12,2010-01,2012-12,36,42.052282,44.348984,57.322701,,,,,False,8.000000,341.000000,2012-12,132.286390,-0.187372,-0.257544,0.339048
estimar_caudal,P_local_mm,bloque_2,Regresión de anomalías con rezago,1980-01,2009-12,2010-01,2012-12,36,45.418839,46.759841,61.677673,,,,,False,9.000000,340.000000,2012-12,132.286390,-0.187372,-0.257544,0.339048
estimar_caudal,P_local_mm,bloque_2,Regresión de anomalías con rezago,1980-01,2009-12,2010-01,2012-12,36,46.774064,47.734416,63.109509,,,,,False,10.000000,339.000000,2012-12,132.286390,-0.187372,-0.257544,0.339048
estimar_caudal,P_local_mm,bloque_2,Regresión de anomalías con rezago,1980-01,2009-12,2010-01,2012-12,36,48.259571,48.710464,63.813944,,,,,False,11.000000,338.000000,2012-12,132.286390,-0.187372,-0.257544,0.339048
estimar_caudal,P_local_mm,bloque_2,Regresión de anomalías con rezago,1980-01,2009-12,2010-01,2012-12,36,49.173991,49.420794,64.026269,,,,,False,12.000000,337.000000,2012-12,132.286390,-0.187372,-0.257544,0.339048
estimar_caudal,P_IMERG_mm,bloque_2,Regresión de anomalías con rezago,2000-06,2009-12,2010-01,2012-12,36,51.416862,51.424481,67.097307,,,,,False,0.000000,114.000000,2012-12,139.949078,-0.395490,-5.278725,0.638594
estimar_caudal,P_IMERG_mm,bloque_2,Regresión de anomalías con rezago,2000-06,2009-12,2010-01,2012-12,36,52.076173,52.076173,66.943803,,,,,False,1.000000,113.000000,2012-12,139.949078,-0.395490,-5.278725,0.638594
estimar_caudal,P_IMERG_mm,bloque_2,Regresión de anomalías con rezago,2000-06,2009-12,2010-01,2012-12,36,52.434452,52.434452,67.000344,,,,,False,2.000000,112.000000,2012-12,139.949078,-0.395490,-5.278725,0.638594
estimar_caudal,P_IMERG_mm,bloque_2,Regresión de anomalías con rezago,2000-06,2009-12,2010-01,2012-12,36,48.805573,48.805573,63.751691,,,,,False,3.000000,111.000000,2012-12,139.949078,-0.395490,-5.278725,0.638594
estimar_caudal,P_IMERG_mm,bloque_2,Regresión de anomalías con rezago,2000-06,2009-12,2010-01,2012-12,36,48.365226,48.365226,62.194418,,,,,False,4.000000,110.000000,2012-12,139.949078,-0.395490,-5.278725,0.638594
estimar_caudal,P_IMERG_mm,bloque_2,Regresión de anomalías con rezago,2000-06,2009-12,2010-01,2012-12,36,47.072752,47.204456,59.145701,,,,,False,5.000000,109.000000,2012-12,139.949078,-0.395490,-5.278725,0.638594
estimar_caudal,P_IMERG_mm,bloque_2,Regresión de anomalías con rezago,2000-06,2009-12,2010-01,2012-12,36,48.345807,48.345807,60.223404,,,,,False,6.000000,108.000000,2012-12,139.949078,-0.395490,-5.278725,0.638594
estimar_caudal,P_IMERG_mm,bloque_2,Regresión de anomalías con rezago,2000-06,2009-12,2010-01,2012-12,36,44.350889,44.350889,55.949731,,,,,True,7.000000,107.000000,2012-12,139.949078,-0.395490,-5.278725,0.638594
estimar_caudal,P_IMERG_mm,bloque_2,Regresión de anomalías con rezago,2000-06,2009-12,2010-01,2012-12,36,43.780284,44.771589,58.647992,,,,,False,8.000000,106.000000,2012-12,139.949078,-0.395490,-5.278725,0.638594
estimar_caudal,P_IMERG_mm,bloque_2,Regresión de anomalías con rezago,2000-06,2009-12,2010-01,2012-12,36,46.376523,47.759959,62.602830,,,,,False,9.000000,105.000000,2012-12,139.949078,-0.395490,-5.278725,0.638594
estimar_caudal,P_IMERG_mm,bloque_2,Regresión de anomalías con rezago,2000-06,2009-12,2010-01,2012-12,36,48.333567,49.310919,64.554401,,,,,False,10.000000,104.000000,2012-12,139.949078,-0.395490,-5.278725,0.638594
estimar_caudal,P_IMERG_mm,bloque_2,Regresión de anomalías con rezago,2000-06,2009-12,2010-01,2012-12,36,49.410704,49.858546,65.258453,,,,,False,11.000000,103.000000,2012-12,139.949078,-0.395490,-5.278725,0.638594
estimar_caudal,P_IMERG_mm,bloque_2,Regresión de anomalías con rezago,2000-06,2009-12,2010-01,2012-12,36,52.892877,52.892877,66.774285,,,,,False,12.000000,102.000000,2012-12,139.949078,-0.395490,-5.278725,0.638594
estimar_precipitacion_local,P_IMERG_mm,bloque_3,Lineal corregido,2000-06,2012-12,2013-01,2015-12,36,6.379864,21.754220,33.854189,-20.800009,1.470377,,9.000000,True,,,,,,,
estimar_precipitacion_local,P_IMERG_mm,bloque_3,Log-lineal corregido,2000-06,2012-12,2013-01,2015-12,36,9.339803,22.495617,37.973573,-1.393943,1.273056,1.384088,0.000000,False,,,,,,,
estimar_precipitacion_local,P_IMERG_mm,bloque_3,seleccion_final_reajustada,2000-06,2015-12,2013-01,2015-12,36,,21.754220,,-18.166964,1.411121,,12.000000,True,,,,,,,
estimar_caudal,P_local_mm,bloque_3,Regresión de anomalías con rezago,1980-01,2012-12,2013-01,2015-12,26,45.961765,45.961765,58.795108,,,,,False,0.000000,385.000000,2015-12,128.998696,-0.183021,-0.207338,0.326657
estimar_caudal,P_local_mm,bloque_3,Regresión de anomalías con rezago,1980-01,2012-12,2013-01,2015-12,26,45.970285,45.970285,58.733213,,,,,False,1.000000,384.000000,2015-12,128.998696,-0.183021,-0.207338,0.326657
estimar_caudal,P_local_mm,bloque_3,Regresión de anomalías con rezago,1980-01,2012-12,2013-01,2015-12,26,45.876100,45.876100,58.527165,,,,,False,2.000000,383.000000,2015-12,128.998696,-0.183021,-0.207338,0.326657
estimar_caudal,P_local_mm,bloque_3,Regresión de anomalías con rezago,1980-01,2012-12,2013-01,2015-12,26,44.673116,44.673116,58.147441,,,,,False,3.000000,382.000000,2015-12,128.998696,-0.183021,-0.207338,0.326657
estimar_caudal,P_local_mm,bloque_3,Regresión de anomalías con rezago,1980-01,2012-12,2013-01,2015-12,26,43.249979,43.249979,55.447826,,,,,False,4.000000,381.000000,2015-12,128.998696,-0.183021,-0.207338,0.326657
estimar_caudal,P_local_mm,bloque_3,Regresión de anomalías con rezago,1980-01,2012-12,2013-01,2015-12,26,41.216870,41.216870,51.122695,,,,,False,5.000000,380.000000,2015-12,128.998696,-0.183021,-0.207338,0.326657
estimar_caudal,P_local_mm,bloque_3,Regresión de anomalías con rezago,1980-01,2012-12,2013-01,2015-12,26,38.067042,38.067042,46.105678,,,,,True,6.000000,379.000000,2015-12,128.998696,-0.183021,-0.207338,0.326657
estimar_caudal,P_local_mm,bloque_3,Regresión de anomalías con rezago,1980-01,2012-12,2013-01,2015-12,26,38.712106,38.792101,49.480958,,,,,False,7.000000,378.000000,2015-12,128.998696,-0.183021,-0.207338,0.326657
estimar_caudal,P_local_mm,bloque_3,Regresión de anomalías con rezago,1980-01,2012-12,2013-01,2015-12,26,41.212760,41.212760,53.998123,,,,,False,8.000000,377.000000,2015-12,128.998696,-0.183021,-0.207338,0.326657
estimar_caudal,P_local_mm,bloque_3,Regresión de anomalías con rezago,1980-01,2012-12,2013-01,2015-12,26,44.477611,44.477611,57.280483,,,,,False,9.000000,376.000000,2015-12,128.998696,-0.183021,-0.207338,0.326657
estimar_caudal,P_local_mm,bloque_3,Regresión de anomalías con rezago,1980-01,2012-12,2013-01,2015-12,26,45.610584,45.610584,58.224478,,,,,False,10.000000,375.000000,2015-12,128.998696,-0.183021,-0.207338,0.326657
estimar_caudal,P_local_mm,bloque_3,Regresión de anomalías con rezago,1980-01,2012-12,2013-01,2015-12,26,46.673844,46.673844,58.606921,,,,,False,11.000000,374.000000,2015-12,128.998696,-0.183021,-0.207338,0.326657
estimar_caudal,P_local_mm,bloque_3,Regresión de anomalías con rezago,1980-01,2012-12,2013-01,2015-12,26,47.144756,47.144756,58.481872,,,,,False,12.000000,373.000000,2015-12,128.998696,-0.183021,-0.207338,0.326657
estimar_caudal,P_IMERG_mm,bloque_3,Regresión de anomalías con rezago,2000-06,2012-12,2013-01,2015-12,26,41.780610,42.430501,55.488719,,,,,False,0.000000,150.000000,2015-12,132.016788,-0.374844,-8.536160,0.637654
estimar_caudal,P_IMERG_mm,bloque_3,Regresión de anomalías con rezago,2000-06,2012-12,2013-01,2015-12,26,41.818914,41.996951,55.341648,,,,,False,1.000000,149.000000,2015-12,132.016788,-0.374844,-8.536160,0.637654
estimar_caudal,P_IMERG_mm,bloque_3,Regresión de anomalías con rezago,2000-06,2012-12,2013-01,2015-12,26,41.759308,42.268301,55.353204,,,,,False,2.000000,148.000000,2015-12,132.016788,-0.374844,-8.536160,0.637654
estimar_caudal,P_IMERG_mm,bloque_3,Regresión de anomalías con rezago,2000-06,2012-12,2013-01,2015-12,26,39.862735,42.330012,56.168939,,,,,False,3.000000,147.000000,2015-12,132.016788,-0.374844,-8.536160,0.637654
estimar_caudal,P_IMERG_mm,bloque_3,Regresión de anomalías con rezago,2000-06,2012-12,2013-01,2015-12,26,39.147041,41.029465,54.682516,,,,,False,4.000000,146.000000,2015-12,132.016788,-0.374844,-8.536160,0.637654
estimar_caudal,P_IMERG_mm,bloque_3,Regresión de anomalías con rezago,2000-06,2012-12,2013-01,2015-12,26,36.325026,37.701945,49.362996,,,,,False,5.000000,145.000000,2015-12,132.016788,-0.374844,-8.536160,0.637654
estimar_caudal,P_IMERG_mm,bloque_3,Regresión de anomalías con rezago,2000-06,2012-12,2013-01,2015-12,26,35.301824,35.301824,45.341078,,,,,False,6.000000,144.000000,2015-12,132.016788,-0.374844,-8.536160,0.637654
estimar_caudal,P_IMERG_mm,bloque_3,Regresión de anomalías con rezago,2000-06,2012-12,2013-01,2015-12,26,33.962323,33.962323,46.729425,,,,,True,7.000000,143.000000,2015-12,132.016788,-0.374844,-8.536160,0.637654
estimar_caudal,P_IMERG_mm,bloque_3,Regresión de anomalías con rezago,2000-06,2012-12,2013-01,2015-12,26,35.589431,35.701920,50.230281,,,,,False,8.000000,142.000000,2015-12,132.016788,-0.374844,-8.536160,0.637654
estimar_caudal,P_IMERG_mm,bloque_3,Regresión de anomalías con rezago,2000-06,2012-12,2013-01,2015-12,26,37.659773,38.415565,52.779272,,,,,False,9.000000,141.000000,2015-12,132.016788,-0.374844,-8.536160,0.637654
estimar_caudal,P_IMERG_mm,bloque_3,Regresión de anomalías con rezago,2000-06,2012-12,2013-01,2015-12,26,39.032998,40.157968,53.900179,,,,,False,10.000000,140.000000,2015-12,132.016788,-0.374844,-8.536160,0.637654
estimar_caudal,P_IMERG_mm,bloque_3,Regresión de anomalías con rezago,2000-06,2012-12,2013-01,2015-12,26,39.616931,40.169483,53.883643,,,,,False,11.000000,139.000000,2015-12,132.016788,-0.374844,-8.536160,0.637654
estimar_caudal,P_IMERG_mm,bloque_3,Regresión de anomalías con rezago,2000-06,2012-12,2013-01,2015-12,26,40.963039,40.963039,53.931750,,,,,False,12.000000,138.000000,2015-12,132.016788,-0.374844,-8.536160,0.637654
