variable,mes,n_anios,corr_patron_pacifico,frac_area_sig_era5,frac_area_sig_ersst
P_local_mm,1,41,0.7218,0.0,0.0
P_local_mm,2,41,0.765,0.0,0.0
P_local_mm,3,41,0.649,0.0,0.0
P_local_mm,4,41,0.8825,0.0,0.0052
P_local_mm,5,40,0.8441,0.0,0.0
P_local_mm,6,40,0.7826,0.0,0.0
P_local_mm,7,40,0.8371,0.0,0.0
P_local_mm,8,40,0.8231,0.0,0.0
P_local_mm,9,40,0.9188,0.0567,0.0
P_local_mm,10,40,0.9354,0.1611,0.1649
P_local_mm,11,40,0.6843,0.0,0.0
P_local_mm,12,40,0.7483,0.0,0.0
Caudal_m3s,1,40,0.9235,0.2014,0.2097
Caudal_m3s,2,40,0.9246,0.2098,0.1966
Caudal_m3s,3,39,0.9122,0.1958,0.2392
Caudal_m3s,4,39,0.9291,0.1478,0.1944
Caudal_m3s,5,37,0.8514,0.003,0.029
Caudal_m3s,6,38,0.8774,0.0173,0.0391
Caudal_m3s,7,39,0.9115,0.0487,0.0775
Caudal_m3s,8,39,0.9309,0.1064,0.1068
Caudal_m3s,9,39,0.93,0.2369,0.2567
Caudal_m3s,10,38,0.8877,0.0,0.0
Caudal_m3s,11,37,0.8803,0.0,0.0
Caudal_m3s,12,38,0.9181,0.0861,0.0
