variable,mes,anios_validos,primer_anio,ultimo_anio
P_local_mm,1,41,1980,2020
P_local_mm,2,41,1980,2020
P_local_mm,3,41,1980,2020
P_local_mm,4,41,1980,2020
P_local_mm,5,40,1980,2019
P_local_mm,6,40,1980,2019
P_local_mm,7,40,1980,2019
P_local_mm,8,40,1980,2019
P_local_mm,9,40,1980,2019
P_local_mm,10,40,1980,2019
P_local_mm,11,40,1980,2019
P_local_mm,12,40,1980,2019
Caudal_m3s,1,40,1980,2020
Caudal_m3s,2,40,1980,2020
Caudal_m3s,3,39,1980,2020
Caudal_m3s,4,39,1980,2020
Caudal_m3s,5,37,1980,2019
Caudal_m3s,6,38,1980,2019
Caudal_m3s,7,39,1980,2019
Caudal_m3s,8,39,1980,2019
Caudal_m3s,9,39,1980,2019
Caudal_m3s,10,38,1980,2019
Caudal_m3s,11,37,1980,2019
Caudal_m3s,12,38,1980,2019
P_IMERG_mm,1,20,2001,2020
P_IMERG_mm,2,20,2001,2020
P_IMERG_mm,3,20,2001,2020
P_IMERG_mm,4,19,2001,2019
P_IMERG_mm,5,19,2001,2019
P_IMERG_mm,6,20,2000,2019
P_IMERG_mm,7,20,2000,2019
P_IMERG_mm,8,20,2000,2019
P_IMERG_mm,9,20,2000,2019
P_IMERG_mm,10,20,2000,2019
P_IMERG_mm,11,20,2000,2019
P_IMERG_mm,12,20,2000,2019
Temp_C,1,41,1980,2020
Temp_C,2,41,1980,2020
Temp_C,3,41,1980,2020
Temp_C,4,41,1980,2020
Temp_C,5,40,1980,2019
Temp_C,6,40,1980,2019
Temp_C,7,40,1980,2019
Temp_C,8,40,1980,2019
Temp_C,9,40,1980,2019
Temp_C,10,40,1980,2019
Temp_C,11,40,1980,2019
Temp_C,12,40,1980,2019
