tramo,variable,transformacion,N,r1,pendiente_espectral_loglog_f<1/12,periodo_interanual_dominante_anios,parseval_boxcar_C
completo,P_local_mm,A,480,0.1544320746672958,0.18435164233557552,2.6666666666666665,0.9999999999999998
completo,P_local_mm,AD,480,0.13772870261347817,-0.15676319473670722,2.6666666666666665,
completo,Caudal_m3s,A,480,0.83488948194262,-0.3278122418923705,2.6666666666666665,0.9999999999999997
completo,Caudal_m3s,AD,480,0.8101548668699384,-0.54796306405198,2.6666666666666665,
completo,Temp_C,A,480,0.21970019257542042,0.21600358904384562,2.5,0.9999999999999997
completo,Temp_C,AD,480,0.19964959650170014,0.02984978994179999,2.5,
comun,P_local_mm,A,228,0.0786454531503946,0.18050771418376346,9.5,1.0
comun,P_local_mm,AD,228,0.046393530869829,0.3298615602143112,9.5,
comun,P_IMERG_mm,A,228,0.23680204640489413,-0.07860023331871548,9.5,1.0
comun,P_IMERG_mm,AD,228,0.19505503672521016,0.04666739625179193,9.5,
comun,Caudal_m3s,A,228,0.8535664757023154,-0.6904688902259897,19.0,1.0
comun,Caudal_m3s,AD,228,0.8050615182828621,-0.40200260719677927,3.8000000000000003,
comun,Temp_C,A,228,0.267064546084359,0.42672342889953657,3.1666666666666665,0.9999999999999999
comun,Temp_C,AD,228,0.2588851184197915,0.48589973463636965,3.1666666666666665,
