variable,unidad,mes,referencia,anios_validos_referencia,mu_j,s_j,s_j_sobre_mu_j,media_a_en_referencia,desv_z_en_referencia,max_abs_z_registro,fecha_max_abs_z
P_local_mm,mm/mes,1,2000-06 a 2020-03,20,13.406869649999999,10.576906906546377,0.7889169644120749,1.6431300764452318e-15,1.0000000000000002,2.3585809698825884,2003-01
P_local_mm,mm/mes,2,2000-06 a 2020-03,20,12.283962550000002,11.984224750267044,0.9755992580966508,-1.4210854715202005e-15,1.0,2.1562101836770204,2014-02
P_local_mm,mm/mes,3,2000-06 a 2020-03,20,10.74766545,14.24770911746351,1.3256561793578632,8.881784197001252e-16,0.9999999999999998,3.318527081104349,2005-03
P_local_mm,mm/mes,4,2000-06 a 2020-03,19,44.40074015789474,82.02448136468463,1.847367432907538,-1.8698493046318425e-15,0.9999999999999999,3.996873194290702,2016-04
P_local_mm,mm/mes,5,2000-06 a 2020-03,19,116.87294805263159,105.42798780973239,0.9020734872047108,-2.991758887410948e-15,0.9999999999999999,2.8825843142888283,2008-05
P_local_mm,mm/mes,6,2000-06 a 2020-03,20,168.0800805,140.72633587602036,0.8372576658542257,-1.2079226507921703e-14,1.0,3.8156132834514955,1982-06
P_local_mm,mm/mes,7,2000-06 a 2020-03,20,123.72274615,127.48173187840814,1.0303823334461941,-6.394884621840902e-15,1.0000000000000002,3.8100227592865443,1987-07
P_local_mm,mm/mes,8,2000-06 a 2020-03,20,118.27470310000001,108.82953765314322,0.9201421335306925,-7.815970093361103e-15,1.0,2.7360179719682938,2005-08
P_local_mm,mm/mes,9,2000-06 a 2020-03,20,68.97985935,63.13232078614268,0.9152283199913872,2.4868995751603505e-15,1.0,3.7704239078479747,1982-09
P_local_mm,mm/mes,10,2000-06 a 2020-03,20,39.748331300000004,36.28766177496595,0.9129354764879386,-3.0198066269804257e-15,1.0,2.405807192576599,2015-10
P_local_mm,mm/mes,11,2000-06 a 2020-03,20,24.9201604,23.73538845953423,0.9524572907457783,5.329070518200751e-16,1.0,2.3521468669106227,2004-11
P_local_mm,mm/mes,12,2000-06 a 2020-03,20,13.82766995,17.126732614003853,1.238584134270854,-5.329070518200751e-16,1.0,3.587740664542039,2012-12
P_IMERG_mm,mm/mes,1,2000-06 a 2020-03,20,18.02161595,9.93250199509712,0.5511438054530908,-1.1546319456101628e-15,1.0,3.0141412571352086,2016-01
P_IMERG_mm,mm/mes,2,2000-06 a 2020-03,20,17.491030000000002,10.357975984633773,0.5921878805669976,-2.3092638912203257e-15,1.0,2.9460932372570023,2014-02
P_IMERG_mm,mm/mes,3,2000-06 a 2020-03,20,17.07003325,12.75303442476312,0.7471007371800591,-1.4210854715202005e-15,1.0,2.3093362543438,2001-03
P_IMERG_mm,mm/mes,4,2000-06 a 2020-03,19,37.48232968421053,44.009446643943846,1.1741385077908557,1.8698493046318425e-16,1.0,3.6472672700118554,2016-04
P_IMERG_mm,mm/mes,5,2000-06 a 2020-03,19,88.51473473684212,50.241286521338694,0.5676036500669416,-1.1219095827791056e-14,1.0000000000000002,2.6173290209697853,2002-05
P_IMERG_mm,mm/mes,6,2000-06 a 2020-03,20,140.2357701,72.46081662108011,0.5167070895635928,0.0,0.9999999999999998,2.453996410637601,2002-06
P_IMERG_mm,mm/mes,7,2000-06 a 2020-03,20,124.97105939999999,57.61337262506307,0.46101371710915556,9.947598300641402e-15,1.0,2.9976971444450466,2001-07
P_IMERG_mm,mm/mes,8,2000-06 a 2020-03,20,110.8778067,63.020682725231964,0.5683795937247014,5.329070518200751e-15,1.0000000000000002,2.288682668336947,2015-08
P_IMERG_mm,mm/mes,9,2000-06 a 2020-03,20,49.1614026,26.047216039170245,0.5298306122610554,-2.4868995751603505e-15,1.0,2.5600573320281876,2000-09
P_IMERG_mm,mm/mes,10,2000-06 a 2020-03,20,35.26111625,23.541068357294623,0.6676211890284279,-8.881784197001252e-16,0.9999999999999999,3.4012663119084414,2015-10
P_IMERG_mm,mm/mes,11,2000-06 a 2020-03,20,24.3824555,11.217313114611908,0.4600567450891855,7.105427357601002e-16,1.0000000000000002,2.2777167079983007,2004-11
P_IMERG_mm,mm/mes,12,2000-06 a 2020-03,20,24.546529749999998,13.641939293709134,0.55575836717649,2.4868995751603505e-15,0.9999999999999999,2.7348227731232027,2012-12
Caudal_m3s,m³/s,1,2000-06 a 2020-03,20,177.9897999,98.14408513195166,0.5514028623386955,-8.526512829121202e-15,1.0000000000000002,4.226937461816966,1983-01
Caudal_m3s,m³/s,2,2000-06 a 2020-03,20,133.9607459,63.74590730840222,0.47585512367919874,-4.263256414560601e-15,0.9999999999999999,5.038474227782552,1983-02
Caudal_m3s,m³/s,3,2000-06 a 2020-03,19,95.01626147368421,34.96842377396376,0.36802567509613754,-1.495879443705474e-15,0.9999999999999996,4.749442342607773,1983-03
Caudal_m3s,m³/s,4,2000-06 a 2020-03,18,72.5470803888889,20.58834161576929,0.28379283501700425,-1.1447632965023837e-14,1.0,4.280072103700542,1983-04
Caudal_m3s,m³/s,5,2000-06 a 2020-03,18,59.14569322222222,15.034105869965298,0.25418766863513037,1.1842378929335002e-15,1.0000000000000002,3.861292535776973,1980-05
Caudal_m3s,m³/s,6,2000-06 a 2020-03,19,60.97553331578947,18.838702657686277,0.3089551108986863,2.243819165558211e-15,1.0000000000000002,2.287018775501076,1982-06
Caudal_m3s,m³/s,7,2000-06 a 2020-03,19,58.91999094736842,21.051006844027984,0.3572812301147884,2.243819165558211e-15,1.0,3.9793978821681213,1982-07
Caudal_m3s,m³/s,8,2000-06 a 2020-03,19,61.21966510526316,23.72841537738032,0.3875946615614587,-2.991758887410948e-15,1.0000000000000002,2.9129229152245126,1987-08
Caudal_m3s,m³/s,9,2000-06 a 2020-03,19,68.88165857894737,20.710000594653458,0.3006605970574459,2.243819165558211e-15,0.9999999999999999,3.6335911279732063,1982-09
Caudal_m3s,m³/s,10,2000-06 a 2020-03,18,95.40341388888889,33.95865358610534,0.3559479918156295,-4.342205607422835e-15,1.0,1.7686470389298898,1982-10
Caudal_m3s,m³/s,11,2000-06 a 2020-03,19,146.08354026315791,58.9686852154125,0.4036641301900617,-2.01943724900239e-14,1.0,1.875850874625411,1982-11
Caudal_m3s,m³/s,12,2000-06 a 2020-03,19,191.41956915789473,103.4328387933938,0.5403462104131892,8.227336940380108e-15,1.0,3.3648118711823836,1982-12
Temp_C,°C,1,2000-06 a 2020-03,20,11.89712995,0.7163557642645153,,0.0,0.9999999999999996,4.132087850286355,1981-01
Temp_C,°C,2,2000-06 a 2020-03,20,11.1864977,0.91539227780801,,-2.6645352591003756e-16,1.0,2.4058781720047513,2001-02
Temp_C,°C,3,2000-06 a 2020-03,20,10.089348900000001,1.0784789048421708,,-9.769962616701378e-16,1.0,1.7342120384577275,2020-03
Temp_C,°C,4,2000-06 a 2020-03,19,6.7255779473684205,1.6390069205273685,,5.142085587737567e-16,1.0,2.271930036410972,2009-04
Temp_C,°C,5,2000-06 a 2020-03,19,2.958461736842105,1.8233605506688237,,4.2071609354216456e-16,0.9999999999999999,1.7485366433274219,1984-05
Temp_C,°C,6,2000-06 a 2020-03,20,-0.4033272,1.0942294421005803,,0.0,1.0,2.7052368416604042,1983-06
Temp_C,°C,7,2000-06 a 2020-03,20,-1.91115675,1.1721783307841802,,-3.3306690738754695e-17,0.9999999999999999,3.1084175968023913,1986-07
Temp_C,°C,8,2000-06 a 2020-03,20,-0.98609315,1.2473613200374654,,-2.2204460492503132e-17,0.9999999999999999,2.4898710582966577,2007-08
Temp_C,°C,9,2000-06 a 2020-03,20,1.0336035000000001,1.3668191291806526,,-1.7763568394002506e-16,1.0,2.0113579341313437,2016-09
Temp_C,°C,10,2000-06 a 2020-03,20,3.4806560500000003,1.0594577605700235,,-3.774758283725532e-16,1.0000000000000002,3.030515391451317,1997-10
Temp_C,°C,11,2000-06 a 2020-03,20,6.55033815,1.0522153409135502,,4.4408920985006264e-17,1.0,2.1184885482325835,2015-11
Temp_C,°C,12,2000-06 a 2020-03,20,9.781885599999999,1.0558908059373826,,9.769962616701378e-16,0.9999999999999997,1.8250801968951729,2001-12
